Timestamp,Altitude,AccelZ,TotalAccel,AccelX,AccelY,GyroX,GyroY,GyroZ,Mass,DragF,DragCoeff,Pressure
0.01,-3.74E-04,-0.762,0.764,0.053,0,0,0,0,31.215,8.86E-08,0.667,1.00E+05
0.02,-1.46E-04,-0.298,0.299,0.021,0,0,0,0,31.209,3.54E-06,0.667,1.00E+05
0.03,8.09E-05,0.165,0.166,0.012,0,0,0,0,31.204,1.73E-05,0.667,1.00E+05
0.04,5.51E-04,0.629,0.63,0.044,0,0,0,0,31.199,6.42E-05,0.666,1.00E+05
0.05,0.002,1.093,1.095,0.076,0,0,0,0,31.194,2.62E-04,0.665,1.00E+05
0.06,0.004,1.557,1.561,0.109,0,0,0,0,31.189,8.97E-04,0.661,1.00E+05
0.07,0.009,2.021,2.026,0.141,0,0,0,0,31.183,0.003,0.654,1.00E+05
0.08,0.015,2.485,2.492,0.174,0,0,0,0,31.178,0.006,0.645,1.00E+05
0.09,0.025,2.95,2.957,0.206,0,0,0,0,31.173,0.012,0.632,1.00E+05
0.1,0.037,3.415,3.423,0.239,0,0,0,0,31.168,0.021,0.618,1.00E+05
0.11,0.053,3.879,3.889,0.271,0,0,0,0,31.163,0.034,0.602,1.00E+05
0.12,0.073,4.344,4.355,0.304,0,0,0,0,31.157,0.051,0.587,1.00E+05
0.13,0.097,4.809,4.821,0.336,0,0,0,0,31.152,0.072,0.572,1.00E+05
0.14,0.127,5.194,5.207,0.363,0,0,0,0,31.144,0.098,0.558,1.00E+05
0.15,0.161,5.246,5.259,0.367,0,0,0,0,31.133,0.126,0.546,1.00E+05
0.16,0.201,5.262,5.275,0.368,0,0,0,0,31.122,0.157,0.536,1.00E+05
0.17,0.246,5.278,5.291,0.369,0,0,0,0,31.112,0.189,0.526,1.00E+05
0.18,0.296,5.294,5.307,0.37,0,0,0,0,31.101,0.222,0.518,1.00E+05
0.19,0.351,5.31,5.323,0.371,0,0,0,0,31.09,0.256,0.511,1.00E+05
0.2,0.411,5.326,5.339,0.372,0,0,0,0,31.079,0.293,0.505,1.00E+05
0.21,0.477,5.342,5.355,0.374,0,0,0,0,31.069,0.331,0.499,1.00E+05
0.22,0.548,5.358,5.371,0.375,0,0,0,0,31.058,0.371,0.493,1.00E+05
0.23,0.624,5.374,5.387,0.376,0,0,0,0,31.047,0.414,0.488,1.00E+05
0.24,0.705,5.39,5.403,0.377,0,0,0,0,31.037,0.458,0.483,1.00E+05
0.25,0.792,5.406,5.42,0.378,0,0,0,0,31.026,0.505,0.479,1.00E+05
0.26,0.884,5.422,5.436,0.379,0,0,0,0,31.015,0.554,0.475,1.00E+05
0.27,0.981,5.438,5.452,0.38,0,0,0,0,31.004,0.606,0.471,1.00E+05
0.28,1.084,5.454,5.468,0.381,0,0,0,0,30.994,0.66,0.468,1.00E+05
0.29,1.192,5.471,5.484,0.383,0,0,0,0,30.983,0.716,0.464,1.00E+05
0.3,1.305,5.487,5.5,0.384,0,0,0,0,30.972,0.775,0.461,1.00E+05
0.31,1.424,5.503,5.516,0.385,0,0,0,0,30.962,0.836,0.458,1.00E+05
0.32,1.548,5.519,5.532,0.386,0,0,0,0,30.951,0.9,0.455,1.00E+05
0.33,1.678,5.535,5.548,0.387,0,0,0,0,30.94,0.966,0.453,1.00E+05
0.34,1.813,5.551,5.564,0.388,0,0,0,0,30.929,1.035,0.45,1.00E+05
0.35,1.954,5.567,5.58,0.389,0,0,0,0,30.919,1.107,0.448,1.00E+05
0.36,2.1,5.583,5.597,0.39,0,0,0,0,30.908,1.181,0.446,1.00E+05
0.37,2.251,5.599,5.613,0.392,0,0,0,0,30.897,1.259,0.444,1.00E+05
0.38,2.408,5.615,5.629,0.393,0,0,0,0,30.887,1.339,0.442,1.00E+05
0.39,2.57,5.631,5.645,0.394,0,0,0,0,30.876,1.421,0.44,1.00E+05
0.4,2.738,5.647,5.661,0.395,0,0,0,0,30.865,1.506,0.438,1.00E+05
0.41,2.912,5.663,5.677,0.396,0,0,0,0,30.854,1.594,0.436,1.00E+05
0.42,3.091,5.675,5.689,0.397,0,0,0,0,30.843,1.685,0.435,1.00E+05
0.43,3.276,5.686,5.7,0.398,0,0,0,0,30.832,1.778,0.433,1.00E+05
0.44,3.466,5.697,5.711,0.398,0,0,0,0,30.821,1.874,0.432,1.00E+05
0.45,3.662,5.708,5.722,0.399,0,0,0,0,30.809,1.972,0.43,1.00E+05
0.46,3.863,5.72,5.733,0.4,0,0,0,0,30.798,2.074,0.429,1.00E+05
0.47,4.07,5.731,5.745,0.401,0,0,0,0,30.787,2.178,0.428,1.00E+05
0.48,4.283,5.742,5.756,0.402,0,0,0,0,30.776,2.284,0.426,1.00E+05
0.49,4.501,5.753,5.767,0.402,0,0,0,0,30.764,2.393,0.425,1.00E+05
0.5,4.725,5.764,5.778,0.403,0,0,0,0,30.753,2.505,0.424,1.00E+05
0.51,4.955,5.775,5.789,0.404,0,0,0,0,30.742,2.62,0.422,1.00E+05
0.52,5.19,5.786,5.801,0.405,0,0,0,0,30.731,2.738,0.421,1.00E+05
0.535,5.554,5.797,5.815,0.461,0,0,7.40E-04,-1.30E-07,30.714,2.92,0.42,1.00E+05
0.558,6.123,5.819,5.837,0.461,0,0,0.002,-1.37E-07,30.689,3.205,0.417,1.00E+05
0.591,7.031,5.851,5.87,0.463,0,0,0.004,5.68E-07,30.651,3.659,0.414,1.00E+05
0.641,8.498,5.899,5.918,0.467,0,0,0.007,-1.59E-07,30.595,4.39,0.409,1.00E+05
0.691,10.109,5.955,5.974,0.472,0,0,0.011,1.74E-06,30.538,5.193,0.405,1.00E+05
0.741,11.867,6.005,6.024,0.478,0,0,0.015,2.54E-06,30.48,6.067,0.402,1.00E+05
0.791,13.773,6.053,6.073,0.486,0,0,0.019,1.01E-06,30.422,7.014,0.398,1.00E+05
0.841,15.827,6.101,6.121,0.496,0,0,0.024,2.85E-06,30.364,8.035,0.395,1.00E+05
0.891,18.032,6.148,6.169,0.508,0,0,0.029,3.19E-06,30.306,9.131,0.393,1.00E+05
0.941,20.388,6.196,6.218,0.522,0,0,0.034,1.75E-06,30.248,10.303,0.39,1.00E+05
0.991,22.896,6.239,6.262,0.539,0,0,0.039,7.99E-07,30.189,11.553,0.388,1.00E+05
1.041,25.557,6.272,6.297,0.557,0,6.20E-09,0.045,6.11E-06,30.129,12.935,0.387,1.00E+05
1.091,28.373,6.305,6.331,0.578,0,-6.53E-09,0.05,3.57E-06,30.07,14.427,0.388,1.00E+05
1.141,31.343,6.337,6.366,0.602,0,-5.75E-09,0.055,3.84E-06,30.011,16.011,0.388,1.00E+05
1.191,34.469,6.369,6.4,0.629,0,0,0.06,4.54E-06,29.951,17.69,0.388,1.00E+05
1.241,37.752,6.4,6.434,0.658,0,0,0.064,3.29E-06,29.892,19.466,0.389,1.00E+05
1.291,41.191,6.422,6.459,0.689,0,6.80E-09,0.067,1.47E-05,29.831,21.339,0.389,1.00E+05
1.341,44.788,6.441,6.481,0.722,0,-1.73E-08,0.069,3.36E-05,29.771,23.312,0.389,1.00E+05
1.391,48.544,6.459,6.503,0.756,0,1.17E-08,-0.069,3.34E-04,29.711,25.385,0.39,1.00E+05
1.441,52.457,6.477,6.525,0.79,0,8.23E-09,-0.068,3.25E-05,29.651,27.561,0.39,1.00E+05
1.491,56.53,6.494,6.546,0.825,0,5.40E-09,-0.065,2.35E-05,29.59,29.841,0.39,1.00E+05
1.541,60.762,6.508,6.565,0.858,0,-1.90E-08,-0.06,2.80E-05,29.53,32.225,0.391,1.00E+05
1.591,65.154,6.518,6.578,0.888,0,1.82E-08,-0.054,5.76E-06,29.469,34.711,0.391,1.00E+05
1.641,69.705,6.527,6.591,0.915,0,0,-0.045,1.37E-05,29.408,37.297,0.392,1.00E+05
1.691,74.417,6.536,6.603,0.938,0,1.80E-08,-0.036,-1.54E-06,29.348,39.984,0.392,1.00E+05
1.741,79.289,6.546,6.615,0.955,0,8.62E-09,-0.024,5.72E-06,29.287,42.77,0.392,1.00E+05
1.791,84.321,6.556,6.626,0.965,0,1.12E-08,-0.012,-2.36E-06,29.226,45.654,0.393,1.00E+05
1.841,89.514,6.562,6.633,0.968,0,0,8.08E-05,1.77E-05,29.166,48.635,0.394,1.00E+05
1.891,94.868,6.569,6.639,0.962,0,8.63E-09,0.012,1.49E-05,29.105,51.714,0.394,1.00E+05
1.941,100.384,6.576,6.645,0.95,0,0,0.023,3.97E-06,29.044,54.892,0.395,1.00E+05
1.991,106.06,6.584,6.649,0.93,0,1.47E-08,0.032,7.55E-06,28.983,58.157,0.395,1.00E+05
2.041,111.898,6.592,6.654,0.906,0,-2.11E-08,0.038,-6.74E-06,28.922,61.53,0.396,1.00E+05
2.091,117.897,6.598,6.656,0.877,0,2.47E-08,0.04,-1.60E-05,28.862,65.012,0.396,1.00E+05
2.141,124.059,6.602,6.656,0.847,0,2.63E-08,-0.039,-2.61E-05,28.801,68.605,0.397,9.99E+04
2.191,130.382,6.606,6.656,0.819,0,1.42E-08,-0.033,-2.40E-05,28.74,72.308,0.398,9.99E+04
2.241,136.866,6.608,6.656,0.795,0,0,-0.024,1.10E-06,28.679,76.119,0.398,9.98E+04
2.291,143.513,6.609,6.655,0.778,0,0,-0.012,-1.08E-05,28.618,80.033,0.399,9.97E+04
2.341,150.322,6.608,6.653,0.771,0,6.97E-09,0.002,-3.28E-05,28.558,84.046,0.4,9.97E+04
2.391,157.293,6.601,6.647,0.775,0,7.19E-09,0.017,-1.57E-05,28.497,88.153,0.401,9.96E+04
2.441,164.426,6.591,6.639,0.791,0,-3.21E-08,0.03,-2.88E-05,28.437,92.354,0.401,9.95E+04
2.491,171.72,6.58,6.631,0.816,0,2.15E-08,0.042,9.91E-06,28.376,96.656,0.402,9.94E+04
2.541,179.175,6.568,6.622,0.85,0,-7.16E-09,0.048,5.37E-05,28.316,101.063,0.403,9.93E+04
2.591,186.791,6.554,6.614,0.888,0,-1.81E-08,-0.05,2.08E-04,28.255,105.582,0.404,9.93E+04
2.641,194.567,6.527,6.592,0.923,0,7.25E-08,-0.045,-9.98E-07,28.196,110.203,0.405,9.92E+04
2.691,202.504,6.491,6.56,0.952,0,-3.74E-08,-0.036,5.44E-05,28.136,114.917,0.406,9.91E+04
2.741,210.599,6.456,6.528,0.97,0,8.21E-09,-0.022,2.44E-05,28.076,119.715,0.406,9.90E+04
2.791,218.851,6.422,6.495,0.974,0,1.42E-08,-0.006,2.27E-06,28.017,124.59,0.407,9.89E+04
2.841,227.261,6.39,6.462,0.962,0,5.19E-09,0.01,4.86E-06,27.957,129.54,0.408,9.88E+04
2.891,235.827,6.349,6.418,0.935,0,1.41E-08,0.023,-1.03E-05,27.899,134.562,0.409,9.87E+04
2.941,244.548,6.275,6.338,0.894,0,1.92E-08,0.03,-5.44E-05,27.841,139.632,0.41,9.86E+04
2.991,253.422,6.197,6.255,0.849,0,0,-0.03,-7.86E-05,27.784,144.75,0.411,9.85E+04
3.041,262.446,6.118,6.171,0.807,0,-1.11E-08,-0.023,-1.80E-05,27.726,149.912,0.412,9.84E+04
3.091,271.62,6.037,6.087,0.775,0,1.19E-08,-0.01,-2.69E-05,27.669,155.108,0.413,9.83E+04
3.141,280.941,5.954,6.002,0.759,0,0,0.006,-4.53E-05,27.612,160.326,0.414,9.82E+04
3.191,290.406,5.862,5.911,0.76,0,-1.38E-08,0.021,-5.39E-05,27.558,165.554,0.415,9.81E+04
3.241,300.015,5.764,5.817,0.777,0,0,0.033,-4.64E-05,27.504,170.79,0.416,9.80E+04
3.291,309.763,5.665,5.722,0.803,0,0,0.039,-5.76E-04,27.45,176.037,0.417,9.79E+04
3.341,319.649,5.565,5.627,0.83,0,-4.57E-08,-0.036,-5.60E-05,27.396,181.297,0.418,9.78E+04
3.391,329.671,5.466,5.532,0.849,0,-3.40E-08,-0.025,-5.78E-06,27.342,186.562,0.419,9.77E+04
3.441,339.826,5.371,5.439,0.852,0,2.37E-08,-0.01,-7.01E-05,27.29,191.822,0.421,9.76E+04
3.491,350.111,5.288,5.354,0.837,0,-9.52E-09,0.006,-4.94E-05,27.239,197.077,0.422,9.75E+04
3.541,360.525,5.208,5.269,0.804,0,-5.21E-09,0.018,-8.34E-05,27.189,202.329,0.423,9.74E+04
3.591,371.066,5.128,5.184,0.761,0,5.79E-08,0.023,-7.50E-04,27.138,207.582,0.424,9.73E+04
3.641,381.731,5.048,5.099,0.717,0,0,-0.02,-4.12E-05,27.087,212.838,0.425,9.71E+04
3.691,392.52,4.965,5.012,0.683,0,0,-0.009,-7.37E-05,27.037,218.087,0.426,9.70E+04
3.741,403.429,4.862,4.907,0.665,0,2.11E-08,0.007,-2.99E-05,26.99,223.296,0.427,9.69E+04
3.791,414.456,4.75,4.796,0.667,0,-3.16E-08,0.021,-2.05E-05,26.943,228.454,0.428,9.68E+04
3.841,425.598,4.636,4.686,0.684,0,8.37E-08,0.03,-1.97E-04,26.896,233.559,0.429,9.67E+04
3.891,436.853,4.52,4.575,0.706,0,-2.35E-08,-0.03,-1.59E-04,26.848,238.616,0.43,9.65E+04
3.941,448.217,4.406,4.464,0.721,0,0,-0.021,-5.75E-05,26.801,243.618,0.431,9.64E+04
3.991,459.688,4.289,4.349,0.719,0,-2.32E-08,-0.007,-4.13E-05,26.757,248.55,0.433,9.63E+04
4.041,471.262,4.169,4.227,0.695,0,-6.91E-09,0.007,-2.35E-05,26.714,253.394,0.434,9.62E+04
4.091,482.938,4.051,4.103,0.655,0,-2.53E-08,0.016,-3.71E-05,26.671,258.15,0.435,9.60E+04
4.141,494.711,3.933,3.98,0.609,0,0,-0.016,-9.88E-05,26.628,262.82,0.436,9.59E+04
4.191,506.58,3.815,3.857,0.569,0,0,-0.009,-5.22E-05,26.585,267.398,0.437,9.58E+04
4.241,518.541,3.694,3.734,0.546,0,-2.82E-08,0.005,5.50E-05,26.544,271.873,0.438,9.56E+04
4.291,530.591,3.572,3.613,0.543,0,-4.89E-08,0.017,-1.11E-04,26.505,276.238,0.439,9.55E+04
4.341,542.727,3.448,3.492,0.554,0,8.14E-08,0.024,-2.80E-04,26.466,280.494,0.44,9.54E+04
4.391,554.946,3.324,3.372,0.569,0,6.86E-08,-0.023,-2.16E-04,26.428,284.642,0.441,9.52E+04
4.441,567.245,3.201,3.252,0.574,0,-1.10E-08,-0.013,-8.60E-05,26.389,288.674,0.442,9.51E+04
4.491,579.622,3.081,3.131,0.562,0,-7.38E-09,-0.001,-8.19E-05,26.35,292.581,0.443,9.50E+04
4.541,592.073,2.971,3.019,0.532,0,7.96E-09,0.009,-1.76E-04,26.315,296.372,0.444,9.48E+04
4.591,604.595,2.876,2.918,0.494,0,1.33E-08,-0.012,-0.001,26.28,300.071,0.445,9.47E+04
4.641,617.187,2.781,2.819,0.459,0,0,-0.008,-1.59E-04,26.245,303.682,0.446,9.46E+04
4.691,629.846,2.685,2.72,0.437,0,-1.03E-08,0.003,-1.82E-04,26.211,307.187,0.446,9.44E+04
4.741,642.57,2.586,2.622,0.433,0,-4.82E-08,0.014,-1.73E-04,26.176,310.581,0.447,9.43E+04
4.791,655.356,2.486,2.525,0.442,0,2.85E-08,0.02,-4.68E-04,26.142,313.864,0.448,9.42E+04
4.841,668.202,2.395,2.437,0.455,0,3.39E-08,-0.018,-2.23E-04,26.111,317.048,0.449,9.40E+04
4.891,681.106,2.306,2.351,0.459,0,2.72E-08,-0.01,-6.41E-05,26.079,320.132,0.45,9.39E+04
4.941,694.066,2.219,2.264,0.447,0,1.74E-08,4.19E-04,1.28E-05,26.048,323.109,0.451,9.38E+04
4.991,707.079,2.135,2.176,0.42,0,2.53E-08,0.007,-1.17E-05,26.016,325.979,0.452,9.36E+04
5.041,720.143,2.051,2.087,0.388,0,1.19E-08,-0.008,-2.14E-05,25.985,328.742,0.452,9.35E+04
5.091,733.256,1.958,1.991,0.36,0,0,-0.002,-1.42E-05,25.956,331.382,0.453,9.34E+04
5.141,746.416,1.854,1.886,0.345,0,8.17E-09,0.007,-5.54E-06,25.928,333.881,0.454,9.32E+04
5.191,759.621,1.749,1.783,0.344,0,-1.30E-08,0.015,9.45E-05,25.9,336.235,0.454,9.31E+04
5.241,772.867,1.643,1.68,0.351,0,1.90E-08,-0.016,2.23E-04,25.872,338.446,0.455,9.29E+04
5.291,786.152,1.538,1.579,0.354,0,-1.05E-08,-0.012,1.24E-04,25.844,340.512,0.456,9.28E+04
5.341,799.474,1.417,1.458,0.342,0,-5.69E-09,-0.003,1.36E-04,25.819,342.4,0.456,9.27E+04
5.391,812.828,1.212,1.249,0.305,0,2.40E-08,0.004,7.37E-05,25.796,343.973,0.457,9.25E+04
5.441,826.209,0.997,1.03,0.259,0,0,-0.006,3.17E-04,25.774,345.214,0.457,9.24E+04
5.491,839.611,0.784,0.813,0.217,0,7.43E-09,-0.002,-2.03E-05,25.752,346.121,0.458,9.22E+04
5.541,853.031,0.569,0.599,0.185,0,-1.21E-08,0.005,1.87E-05,25.729,346.692,0.458,9.21E+04
5.591,866.461,0.355,0.391,0.165,0,9.43E-09,0.012,-5.82E-05,25.708,346.926,0.458,9.20E+04
5.641,879.899,0.171,0.231,0.155,0,5.06E-08,-0.014,-3.57E-04,25.693,346.874,0.458,9.18E+04
5.691,893.338,0.008,0.147,0.147,0,1.39E-08,-0.011,2.36E-05,25.678,346.569,0.458,9.17E+04
5.741,906.776,-0.153,0.2,0.129,0,1.51E-08,-0.004,8.50E-05,25.662,346.012,0.458,9.15E+04
5.791,920.207,-0.311,0.327,0.101,0,7.32E-09,0.002,1.02E-04,25.647,345.204,0.458,9.14E+04
5.841,933.63,-0.468,0.473,0.067,0,0,-0.003,1.08E-04,25.632,344.15,0.458,9.13E+04
5.891,947.038,-0.635,0.636,0.033,0,5.95E-09,-6.53E-04,-1.85E-05,25.621,342.837,0.458,9.11E+04
5.941,960.429,-0.834,0.834,0.003,0,0,0.005,-1.03E-04,25.613,341.219,0.458,9.10E+04
5.991,973.796,-1.036,1.036,0.019,0,3.43E-08,0.01,-2.36E-04,25.605,339.296,0.457,9.08E+04
6.041,987.136,-1.237,1.238,0.035,0,4.79E-08,-0.012,-0.002,25.597,337.078,0.457,9.07E+04
6.091,1000.443,-1.437,1.438,0.053,0,1.87E-08,-0.01,-3.29E-05,25.589,334.57,0.456,9.06E+04
6.141,1013.712,-1.633,1.635,0.077,0,1.94E-08,-0.005,-4.07E-05,25.582,331.783,0.456,9.04E+04
6.191,1026.939,-1.743,1.746,0.096,0,0,-3.41E-04,5.48E-05,25.579,328.851,0.455,9.03E+04
6.241,1040.123,-1.813,1.816,0.115,0,0,0,0,25.576,325.838,0.455,9.01E+04
6.291,1053.261,-1.882,1.886,0.133,0,0,3.25E-04,-2.40E-04,25.574,322.747,0.454,9.00E+04
6.341,1066.352,-1.951,1.957,0.146,0,0,0.004,-2.79E-04,25.571,319.579,0.453,8.99E+04
6.391,1079.394,-2.022,2.027,0.153,0,2.47E-08,0.009,-3.11E-04,25.568,316.339,0.453,8.97E+04
6.441,1092.386,-2.076,2.082,0.153,0,2.66E-08,0.01,-0.002,25.567,313.05,0.452,8.96E+04
6.491,1105.327,-2.092,2.097,0.148,0,1.34E-08,-0.009,-1.90E-04,25.567,309.78,0.451,8.95E+04
6.541,1118.216,-2.105,2.11,0.147,0,1.32E-08,-0.006,-1.44E-05,25.566,306.532,0.45,8.93E+04
6.591,1131.053,-2.118,2.123,0.15,0,-5.55E-09,-0.003,1.98E-04,25.565,303.295,0.45,8.92E+04
6.641,1143.837,-2.13,2.136,0.158,0,0,-3.23E-04,1.94E-04,25.565,300.071,0.449,8.91E+04
6.691,1156.57,-2.142,2.148,0.166,0,0,6.92E-04,-6.15E-05,25.564,296.859,0.448,8.89E+04
6.741,1169.249,-2.138,2.145,0.17,0,0,0.003,-5.55E-05,25.564,293.682,0.448,8.88E+04
6.791,1181.877,-2.13,2.137,0.169,0,1.02E-08,0.006,-1.36E-04,25.564,290.544,0.447,8.87E+04
6.841,1194.452,-2.122,2.129,0.165,0,7.13E-09,0.009,-2.96E-04,25.564,287.446,0.446,8.86E+04
6.891,1206.974,-2.115,2.121,0.158,0,-5.42E-09,-0.009,-2.26E-04,25.564,284.387,0.446,8.84E+04
6.941,1219.445,-2.108,2.113,0.153,0,-7.13E-09,-0.008,1.04E-04,25.564,281.365,0.445,8.83E+04
6.95,1221.622,-2.108,2.114,0.153,0,0,-0.008,9.42E-05,25.564,280.841,0.445,8.83E+04
6.963,1224.885,-2.106,2.111,0.152,0,0,-0.007,7.50E-05,25.564,280.055,0.445,8.83E+04
6.983,1229.772,-2.101,2.106,0.151,0,0,-0.006,4.43E-05,25.564,278.883,0.445,8.82E+04
7.012,1237.088,-2.094,2.099,0.151,0,-6.29E-09,-0.004,1.19E-04,25.564,277.137,0.444,8.81E+04
7.057,1248.029,-2.083,2.089,0.152,0,0,-0.002,-4.12E-06,25.564,274.544,0.444,8.80E+04
7.107,1260.33,-2.071,2.077,0.156,0,0,0.002,-2.93E-05,25.564,271.656,0.443,8.79E+04
7.157,1272.58,-2.059,2.066,0.158,0,0,0.003,-5.83E-05,25.564,268.807,0.443,8.78E+04
7.207,1284.78,-2.048,2.054,0.159,0,-1.67E-08,0.005,-4.58E-05,25.564,265.997,0.442,8.76E+04
7.257,1296.929,-2.037,2.043,0.156,0,-5.01E-09,0.007,6.49E-05,25.564,263.225,0.441,8.75E+04
7.307,1309.029,-2.027,2.033,0.152,0,6.66E-09,0.009,2.24E-06,25.564,260.49,0.441,8.74E+04
7.357,1321.078,-2.017,2.022,0.146,0,-7.39E-09,-0.009,1.86E-04,25.564,257.791,0.44,8.73E+04
7.407,1333.079,-2.007,2.012,0.143,0,1.02E-08,-0.007,-7.17E-06,25.564,255.128,0.44,8.72E+04
7.457,1345.03,-1.996,2.001,0.141,0,0,-0.005,7.78E-05,25.564,252.5,0.439,8.70E+04
7.507,1356.932,-1.986,1.991,0.141,0,-6.13E-09,-0.004,5.51E-05,25.564,249.905,0.439,8.69E+04
7.557,1368.786,-1.975,1.98,0.143,0,0,-0.003,-5.25E-04,25.564,247.345,0.438,8.68E+04
7.607,1380.591,-1.965,1.97,0.145,0,-1.21E-08,0.003,-9.90E-05,25.564,244.817,0.438,8.67E+04
7.657,1392.348,-1.954,1.96,0.146,0,-1.11E-08,0.005,-1.22E-04,25.564,242.321,0.437,8.66E+04
7.707,1404.057,-1.945,1.95,0.144,0,0,0.007,-2.15E-04,25.564,239.857,0.437,8.64E+04
7.757,1415.718,-1.935,1.94,0.141,0,-9.11E-09,0.008,-3.94E-04,25.564,237.424,0.436,8.63E+04
7.807,1427.332,-1.926,1.931,0.138,0,-1.15E-08,-0.008,-0.003,25.564,235.022,0.436,8.62E+04
7.857,1438.899,-1.917,1.922,0.134,0,0,-0.008,-1.08E-04,25.564,232.649,0.435,8.61E+04
7.907,1450.418,-1.908,1.913,0.132,0,-5.54E-09,-0.007,7.71E-05,25.564,230.306,0.435,8.60E+04
7.957,1461.891,-1.899,1.903,0.131,0,0,-0.005,1.17E-04,25.564,227.991,0.434,8.59E+04
8.007,1473.318,-1.889,1.894,0.132,0,0,-0.004,2.85E-04,25.564,225.705,0.434,8.58E+04
8.057,1484.698,-1.88,1.885,0.133,0,-1.30E-08,0.004,3.77E-04,25.564,223.446,0.433,8.56E+04
8.107,1496.032,-1.871,1.876,0.134,0,0,0.004,5.88E-05,25.564,221.215,0.433,8.55E+04
8.157,1507.32,-1.862,1.867,0.134,0,-1.20E-08,0.006,-2.18E-05,25.564,219.01,0.432,8.54E+04
8.207,1518.562,-1.854,1.858,0.133,0,-9.15E-09,0.007,2.19E-05,25.564,216.832,0.432,8.53E+04
8.257,1529.759,-1.845,1.85,0.13,0,0,0.008,1.68E-04,25.564,214.68,0.431,8.52E+04
8.307,1540.911,-1.837,1.841,0.127,0,1.37E-08,-0.008,5.70E-04,25.564,212.553,0.431,8.51E+04
8.357,1552.017,-1.829,1.833,0.124,0,-1.37E-08,-0.008,2.65E-04,25.564,210.451,0.431,8.50E+04
8.407,1563.079,-1.821,1.825,0.123,0,1.18E-08,-0.007,1.70E-05,25.564,208.373,0.43,8.48E+04
8.457,1574.096,-1.813,1.817,0.122,0,1.68E-08,-0.006,-3.73E-05,25.564,206.32,0.43,8.47E+04
8.507,1585.069,-1.804,1.809,0.122,0,1.45E-08,-0.005,-1.50E-04,25.564,204.29,0.429,8.46E+04
8.557,1595.998,-1.796,1.8,0.123,0,0,0.004,-0.001,25.564,202.284,0.429,8.45E+04
8.607,1606.882,-1.788,1.792,0.123,0,0,0.005,-3.11E-04,25.564,200.308,0.429,8.44E+04
8.657,1617.723,-1.78,1.785,0.123,0,-5.11E-09,0.006,-2.07E-04,25.564,198.358,0.428,8.43E+04
8.707,1628.52,-1.773,1.777,0.122,0,1.85E-08,0.007,-1.09E-04,25.564,196.43,0.428,8.42E+04
8.757,1639.274,-1.765,1.769,0.121,0,0,0.008,9.92E-05,25.564,194.523,0.427,8.41E+04
8.807,1649.984,-1.758,1.762,0.118,0,0,0.008,0.001,25.564,192.638,0.427,8.40E+04
8.857,1660.651,-1.751,1.755,0.116,0,0,-0.008,3.68E-04,25.564,190.773,0.427,8.39E+04
8.907,1671.275,-1.744,1.747,0.114,0,0,-0.008,9.94E-05,25.564,188.93,0.426,8.38E+04
8.957,1681.857,-1.736,1.74,0.113,0,0,-0.007,7.13E-05,25.564,187.106,0.426,8.37E+04
9.007,1692.396,-1.729,1.733,0.113,0,0,-0.006,6.19E-05,25.564,185.302,0.425,8.36E+04
9.057,1702.892,-1.722,1.726,0.113,0,1.39E-08,-0.006,-1.03E-04,25.564,183.519,0.425,8.35E+04
9.107,1713.347,-1.715,1.719,0.114,0,0,0.006,4.53E-04,25.564,181.754,0.425,8.34E+04
9.157,1723.759,-1.708,1.711,0.114,0,-1.44E-08,0.006,2.33E-04,25.564,180.009,0.424,8.33E+04
9.207,1734.129,-1.701,1.705,0.113,0,0,0.007,2.88E-04,25.564,178.282,0.424,8.32E+04
9.257,1744.458,-1.694,1.698,0.112,0,-1.36E-08,0.008,2.59E-04,25.564,176.574,0.424,8.31E+04
9.307,1754.745,-1.687,1.691,0.111,0,1.65E-08,0.008,2.12E-04,25.564,174.884,0.423,8.30E+04
9.357,1764.991,-1.681,1.684,0.109,0,-1.09E-08,0.008,7.42E-04,25.564,173.212,0.423,8.29E+04
9.407,1775.196,-1.675,1.678,0.107,0,1.35E-08,-0.008,-6.68E-05,25.564,171.558,0.423,8.28E+04
9.457,1785.359,-1.668,1.671,0.106,0,1.69E-08,-0.008,-2.78E-04,25.564,169.921,0.422,8.27E+04
9.507,1795.482,-1.662,1.665,0.105,0,0,-0.007,-8.48E-05,25.564,168.302,0.422,8.26E+04
9.557,1805.564,-1.655,1.659,0.105,0,0,-0.007,-1.26E-04,25.564,166.699,0.422,8.25E+04
9.607,1815.605,-1.649,1.652,0.104,0,5.73E-09,-0.006,-2.47E-04,25.564,165.113,0.421,8.24E+04
9.657,1825.606,-1.643,1.646,0.105,0,-5.13E-09,0.006,4.95E-04,25.564,163.544,0.421,8.23E+04
9.707,1835.567,-1.636,1.64,0.105,0,0,0.006,2.03E-04,25.564,161.99,0.421,8.22E+04
9.757,1845.487,-1.63,1.633,0.104,0,0,0.007,6.25E-05,25.564,160.453,0.42,8.21E+04
9.807,1855.368,-1.624,1.627,0.104,0,0,0.008,-9.20E-05,25.564,158.932,0.42,8.20E+04
9.857,1865.208,-1.618,1.621,0.103,0,0,0.008,-1.88E-04,25.564,157.426,0.42,8.19E+04
9.907,1875.009,-1.612,1.616,0.101,0,1.86E-08,0.009,-5.45E-04,25.564,155.935,0.42,8.18E+04
9.957,1884.771,-1.607,1.61,0.1,0,0,-0.008,-0.002,25.564,154.46,0.419,8.17E+04
10.007,1894.493,-1.601,1.604,0.099,0,0,-0.009,-3.46E-04,25.564,152.999,0.419,8.16E+04
10.057,1904.176,-1.595,1.598,0.097,0,1.22E-08,-0.008,-4.94E-04,25.564,151.553,0.419,8.15E+04
10.107,1913.82,-1.59,1.593,0.097,0,0,-0.008,-3.65E-04,25.564,150.122,0.418,8.14E+04
10.157,1923.425,-1.584,1.587,0.096,0,-1.10E-08,-0.007,-2.30E-04,25.564,148.705,0.418,8.14E+04
10.207,1932.991,-1.578,1.581,0.096,0,0,-0.007,-4.57E-04,25.564,147.302,0.418,8.13E+04
10.257,1942.518,-1.573,1.576,0.096,0,0,0.007,4.57E-04,25.564,145.914,0.417,8.12E+04
10.307,1952.007,-1.567,1.57,0.096,0,-5.69E-09,0.007,4.83E-04,25.564,144.538,0.417,8.11E+04
10.357,1961.457,-1.562,1.565,0.096,0,0,0.008,5.32E-04,25.564,143.177,0.417,8.10E+04
10.407,1970.869,-1.556,1.559,0.095,0,-9.33E-09,0.008,7.09E-04,25.564,141.829,0.417,8.09E+04
10.457,1980.243,-1.551,1.554,0.094,0,-7.97E-09,0.009,9.15E-04,25.564,140.494,0.416,8.08E+04
10.507,1989.579,-1.546,1.549,0.093,0,8.77E-09,0.009,0.001,25.564,139.172,0.416,8.07E+04
10.557,1998.877,-1.541,1.543,0.092,0,0,0,0,25.564,137.863,0.416,8.06E+04
10.607,2008.137,-1.536,1.538,0.091,0,6.48E-09,-0.009,4.96E-04,25.564,136.567,0.416,8.05E+04
10.657,2017.36,-1.531,1.533,0.09,0,0,-0.009,-6.18E-05,25.564,135.283,0.415,8.04E+04
10.707,2026.545,-1.526,1.528,0.089,0,0,-0.009,-2.89E-04,25.564,134.012,0.415,8.04E+04
10.757,2035.692,-1.521,1.523,0.089,0,0,-0.008,-5.06E-04,25.564,132.753,0.415,8.03E+04
10.807,2044.802,-1.516,1.518,0.089,0,-8.50E-09,-0.008,-0.001,25.564,131.506,0.415,8.02E+04
10.857,2053.876,-1.511,1.513,0.088,0,1.02E-08,0.006,-0.005,25.564,130.271,0.414,8.01E+04
10.907,2062.912,-1.506,1.508,0.088,0,6.77E-09,0.008,-6.28E-04,25.564,129.048,0.414,8.00E+04
10.957,2071.911,-1.501,1.503,0.088,0,0,0.008,-7.01E-05,25.564,127.837,0.414,7.99E+04
11.007,2080.873,-1.496,1.499,0.088,0,7.37E-09,0.009,2.62E-04,25.564,126.637,0.414,7.98E+04
11.057,2089.799,-1.491,1.494,0.087,0,8.81E-09,0.009,3.92E-04,25.564,125.448,0.413,7.98E+04
11.107,2098.688,-1.487,1.489,0.086,0,1.00E-08,0.009,5.35E-04,25.564,124.271,0.413,7.97E+04
11.157,2107.541,-1.482,1.485,0.085,0,0,0.01,0.001,25.564,123.109,0.413,7.96E+04
11.207,2116.358,-1.478,1.48,0.084,0,0,0.008,0.005,25.564,121.959,0.413,7.95E+04
11.257,2125.138,-1.473,1.476,0.083,0,6.42E-09,-0.009,0.002,25.564,120.82,0.412,7.94E+04
11.307,2133.882,-1.469,1.471,0.083,0,1.28E-08,-0.01,7.39E-04,25.564,119.691,0.412,7.93E+04
11.357,2142.59,-1.464,1.467,0.082,0,-7.47E-09,-0.009,3.24E-04,25.564,118.573,0.412,7.93E+04
11.407,2151.262,-1.46,1.462,0.082,0,0,-0.009,-2.42E-04,25.564,117.465,0.412,7.92E+04
11.457,2159.898,-1.456,1.458,0.081,0,1.80E-08,-0.009,-0.001,25.564,116.367,0.411,7.91E+04
11.507,2168.499,-1.451,1.453,0.081,0,0,0,0,25.564,115.28,0.411,7.90E+04
11.557,2177.064,-1.447,1.449,0.081,0,-6.32E-09,0.009,-0.001,25.564,114.202,0.411,7.89E+04
11.607,2185.594,-1.443,1.445,0.08,0,-1.18E-08,0.009,-4.30E-04,25.564,113.134,0.411,7.89E+04
11.657,2194.088,-1.438,1.441,0.08,0,9.81E-09,0.009,-1.97E-04,25.564,112.076,0.411,7.88E+04
11.707,2202.547,-1.434,1.436,0.08,0,-1.52E-08,0.01,6.80E-05,25.564,111.027,0.41,7.87E+04
11.757,2210.971,-1.43,1.432,0.079,0,0,0.01,2.05E-04,25.564,109.988,0.41,7.86E+04
11.807,2219.36,-1.426,1.428,0.078,0,7.23E-09,0.01,3.21E-04,25.564,108.958,0.41,7.85E+04
11.857,2227.713,-1.422,1.424,0.078,0,-1.49E-08,0.01,6.12E-04,25.564,107.938,0.41,7.85E+04
11.907,2236.032,-1.418,1.42,0.077,0,0,0.011,5.41E-04,25.564,106.927,0.409,7.84E+04
11.957,2244.316,-1.414,1.416,0.076,0,8.81E-09,-0.011,-4.79E-04,25.564,105.925,0.409,7.83E+04
12.007,2252.566,-1.41,1.412,0.076,0,-5.03E-09,-0.011,-2.40E-05,25.564,104.932,0.409,7.82E+04
12.057,2260.781,-1.406,1.408,0.075,0,1.36E-08,-0.01,-3.31E-04,25.564,103.947,0.409,7.82E+04
12.107,2268.961,-1.402,1.404,0.075,0,-6.35E-09,-0.01,-2.22E-05,25.564,102.972,0.409,7.81E+04
12.157,2277.108,-1.399,1.4,0.074,0,0,-0.01,-5.85E-04,25.564,102.005,0.408,7.80E+04
12.207,2285.219,-1.395,1.397,0.074,0,-9.03E-09,0,0,25.564,101.047,0.408,7.79E+04
12.257,2293.297,-1.391,1.393,0.074,0,0,0.01,-3.42E-04,25.564,100.097,0.408,7.79E+04
12.307,2301.34,-1.387,1.389,0.073,0,0,0.01,-8.60E-05,25.564,99.156,0.408,7.78E+04
12.357,2309.35,-1.383,1.385,0.073,0,7.62E-09,0.01,5.79E-05,25.564,98.223,0.408,7.77E+04
12.407,2317.326,-1.38,1.382,0.073,0,1.12E-08,0.011,1.24E-04,25.564,97.298,0.407,7.76E+04
12.457,2325.267,-1.376,1.378,0.072,0,0,0.011,1.28E-04,25.564,96.381,0.407,7.76E+04
12.507,2333.175,-1.372,1.374,0.072,0,-5.27E-09,0.011,2.12E-04,25.564,95.473,0.407,7.75E+04
12.557,2341.05,-1.369,1.371,0.071,0,0,0.011,2.74E-04,25.564,94.572,0.407,7.74E+04
12.607,2348.891,-1.365,1.367,0.07,0,5.96E-09,0.012,4.44E-04,25.564,93.679,0.407,7.74E+04
12.657,2356.698,-1.362,1.364,0.07,0,1.03E-08,0.011,0.002,25.564,92.794,0.406,7.73E+04
12.707,2364.472,-1.358,1.36,0.069,0,1.11E-08,-0.012,3.92E-04,25.564,91.917,0.406,7.72E+04
12.757,2372.212,-1.355,1.357,0.069,0,0,-0.012,1.86E-04,25.564,91.048,0.406,7.71E+04
12.807,2379.92,-1.352,1.353,0.068,0,-1.13E-08,-0.011,2.24E-04,25.564,90.185,0.406,7.71E+04
12.857,2387.594,-1.348,1.35,0.068,0,0,-0.011,-4.17E-05,25.564,89.331,0.406,7.70E+04
12.907,2395.235,-1.345,1.347,0.067,0,0,-0.011,8.79E-04,25.564,88.484,0.406,7.69E+04
12.957,2402.844,-1.341,1.343,0.067,0,9.29E-09,0.011,0.001,25.564,87.644,0.405,7.69E+04
13.007,2410.419,-1.338,1.34,0.067,0,6.80E-09,0.011,0.001,25.564,86.811,0.405,7.68E+04
13.057,2417.962,-1.335,1.337,0.067,0,0,0.011,0.001,25.564,85.986,0.405,7.67E+04
13.107,2425.471,-1.332,1.333,0.066,0,6.71E-09,0.012,9.56E-04,25.564,85.167,0.405,7.66E+04
13.157,2432.949,-1.328,1.33,0.066,0,0,0.012,0.001,25.564,84.356,0.405,7.66E+04
13.207,2440.393,-1.325,1.327,0.066,0,-7.11E-09,0.012,9.73E-04,25.564,83.551,0.404,7.65E+04
13.257,2447.805,-1.322,1.324,0.065,0,0,0.012,9.67E-04,25.564,82.754,0.404,7.64E+04
13.307,2455.185,-1.319,1.32,0.065,0,0,0.012,0.001,25.564,81.963,0.404,7.64E+04
13.357,2462.533,-1.316,1.317,0.064,0,0,0.013,0.001,25.564,81.179,0.404,7.63E+04
13.407,2469.848,-1.313,1.314,0.064,0,-1.37E-08,0.013,0.001,25.564,80.401,0.404,7.62E+04
13.457,2477.131,-1.31,1.311,0.063,0,8.09E-09,0.013,-1.34E-04,25.564,79.631,0.404,7.62E+04
13.507,2484.382,-1.307,1.308,0.063,0,-7.46E-09,0,0,25.564,78.866,0.403,7.61E+04
13.557,2491.6,-1.304,1.305,0.062,0,0,0,0,25.564,78.109,0.403,7.60E+04
13.607,2498.787,-1.301,1.302,0.062,0,0,-0.009,-0.009,25.564,77.357,0.403,7.60E+04
13.657,2505.942,-1.298,1.299,0.061,0,0,-0.006,-0.012,25.564,76.612,0.403,7.59E+04
13.707,2513.065,-1.295,1.296,0.061,0,1.47E-08,0.005,-0.012,25.564,75.874,0.403,7.58E+04
13.757,2520.157,-1.292,1.293,0.061,0,1.11E-08,0.012,-0.004,25.564,75.141,0.403,7.58E+04
13.807,2527.216,-1.289,1.29,0.06,0,1.04E-08,0.013,-0.001,25.564,74.415,0.403,7.57E+04
13.857,2534.245,-1.286,1.287,0.06,0,0,0.013,-1.38E-04,25.564,73.695,0.402,7.56E+04
13.907,2541.241,-1.283,1.285,0.06,0,-9.78E-09,0.013,2.28E-04,25.564,72.981,0.402,7.56E+04
13.957,2548.206,-1.28,1.282,0.06,0,0,0.013,4.58E-04,25.564,72.272,0.402,7.55E+04
14.007,2555.14,-1.278,1.279,0.059,0,0,0.014,4.97E-04,25.564,71.57,0.402,7.54E+04
14.057,2562.042,-1.275,1.276,0.059,0,1.20E-08,0.014,4.18E-04,25.564,70.874,0.402,7.54E+04
14.107,2568.914,-1.272,1.273,0.058,0,-5.14E-09,0.014,3.92E-04,25.564,70.183,0.402,7.53E+04
14.157,2575.754,-1.269,1.271,0.058,0,0,0.014,1.94E-04,25.564,69.498,0.401,7.53E+04
14.207,2582.562,-1.267,1.268,0.058,0,0,0.014,-1.24E-04,25.564,68.819,0.401,7.52E+04
14.257,2589.34,-1.264,1.265,0.057,0,0,0.014,-4.00E-04,25.564,68.146,0.401,7.51E+04
14.307,2596.087,-1.261,1.263,0.057,0,1.12E-08,0.015,-7.70E-04,25.564,67.478,0.401,7.51E+04
14.357,2602.803,-1.259,1.26,0.056,0,7.18E-09,0.015,-0.001,25.564,66.817,0.401,7.50E+04
14.407,2609.488,-1.256,1.257,0.056,0,1.41E-08,0.015,-0.002,25.564,66.163,0.401,7.49E+04
14.457,2616.142,-1.254,1.255,0.056,0,0,0.015,-0.002,25.564,65.514,0.401,7.49E+04
14.507,2622.766,-1.251,1.252,0.055,0,0,0.015,-0.001,25.564,64.87,0.4,7.48E+04
14.557,2629.359,-1.249,1.25,0.055,0,-6.66E-09,0.015,-1.19E-04,25.564,64.231,0.4,7.48E+04
14.607,2635.921,-1.246,1.247,0.055,0,-1.13E-08,0.015,7.25E-04,25.564,63.598,0.4,7.47E+04
14.657,2642.452,-1.244,1.245,0.054,0,0,0.015,9.26E-04,25.564,62.97,0.4,7.47E+04
14.707,2648.954,-1.241,1.242,0.054,0,0,0.015,0.001,25.564,62.347,0.4,7.46E+04
14.757,2655.424,-1.239,1.24,0.054,0,1.01E-08,0.015,0.001,25.564,61.73,0.4,7.45E+04
14.807,2661.865,-1.236,1.237,0.053,0,1.33E-08,0.015,0.001,25.564,61.117,0.4,7.45E+04
14.857,2668.275,-1.234,1.235,0.053,0,6.12E-09,0.015,8.11E-04,25.564,60.509,0.399,7.44E+04
14.907,2674.655,-1.231,1.232,0.053,0,0,0.016,4.74E-04,25.564,59.907,0.399,7.44E+04
14.957,2681.004,-1.229,1.23,0.053,0,-1.51E-08,0.016,1.76E-04,25.564,59.309,0.399,7.43E+04
15.007,2687.324,-1.227,1.228,0.052,0,5.34E-09,0.016,-2.47E-04,25.564,58.716,0.399,7.43E+04
15.057,2693.613,-1.224,1.225,0.052,0,7.25E-09,0.016,-7.04E-04,25.564,58.128,0.399,7.42E+04
15.107,2699.873,-1.222,1.223,0.052,0,0,0.016,-0.001,25.564,57.545,0.399,7.41E+04
15.157,2706.102,-1.22,1.221,0.051,0,9.38E-09,0.017,-0.001,25.564,56.967,0.399,7.41E+04
15.207,2712.302,-1.217,1.218,0.051,0,-6.30E-09,0.017,-0.001,25.564,56.393,0.399,7.40E+04
15.257,2718.471,-1.215,1.216,0.05,0,0,0.017,-0.002,25.564,55.824,0.398,7.40E+04
15.307,2724.611,-1.213,1.214,0.05,0,0,0.017,-0.001,25.564,55.259,0.398,7.39E+04
15.357,2730.721,-1.211,1.212,0.05,0,0,0.017,-0.001,25.564,54.7,0.398,7.39E+04
15.407,2736.802,-1.209,1.21,0.049,0,1.27E-08,0.017,-9.41E-04,25.564,54.144,0.398,7.38E+04
15.457,2742.853,-1.206,1.207,0.049,0,0,0.017,-2.72E-04,25.564,53.594,0.398,7.38E+04
15.507,2748.874,-1.204,1.205,0.049,0,0,0.017,2.66E-04,25.564,53.047,0.398,7.37E+04
15.557,2754.866,-1.202,1.203,0.049,0,0,0.018,8.07E-04,25.564,52.505,0.398,7.37E+04
15.607,2760.828,-1.2,1.201,0.048,0,0,0.018,9.88E-04,25.564,51.968,0.398,7.36E+04
15.657,2766.761,-1.198,1.199,0.048,0,0,0.018,0.001,25.564,51.435,0.397,7.36E+04
15.707,2772.665,-1.196,1.197,0.048,0,0,0.018,0.001,25.564,50.906,0.397,7.35E+04
15.757,2778.539,-1.194,1.194,0.047,0,1.25E-08,0.018,0.001,25.564,50.382,0.397,7.35E+04
15.807,2784.384,-1.191,1.192,0.047,0,0,0.018,8.88E-04,25.564,49.862,0.397,7.34E+04
15.857,2790.2,-1.189,1.19,0.047,0,-1.54E-08,0.018,6.34E-04,25.564,49.346,0.397,7.33E+04
15.907,2795.986,-1.187,1.188,0.047,0,0,0.019,2.77E-04,25.564,48.834,0.397,7.33E+04
15.957,2801.744,-1.185,1.186,0.046,0,-6.16E-09,0.019,9.17E-06,25.564,48.326,0.397,7.32E+04
16.007,2807.472,-1.183,1.184,0.046,0,8.83E-09,0.019,-3.35E-04,25.564,47.823,0.397,7.32E+04
16.057,2813.171,-1.181,1.182,0.046,0,-8.47E-09,0.019,-4.72E-04,25.564,47.324,0.397,7.31E+04
16.107,2818.842,-1.179,1.18,0.045,0,0,0.019,-6.44E-04,25.564,46.828,0.396,7.31E+04
16.157,2824.483,-1.177,1.178,0.045,0,0,0.02,-7.25E-04,25.564,46.337,0.396,7.30E+04
16.207,2830.096,-1.176,1.176,0.045,0,-6.36E-09,0.02,-7.75E-04,25.564,45.85,0.396,7.30E+04
16.257,2835.68,-1.174,1.174,0.045,0,-7.65E-09,0.02,-6.98E-04,25.564,45.366,0.396,7.29E+04
16.307,2841.235,-1.172,1.173,0.044,0,9.58E-09,0.02,-6.09E-04,25.564,44.887,0.396,7.29E+04
16.357,2846.761,-1.17,1.171,0.044,0,-7.34E-09,0.02,-3.77E-04,25.564,44.412,0.396,7.28E+04
16.407,2852.259,-1.168,1.169,0.044,0,7.61E-09,0.021,-1.36E-04,25.564,43.94,0.396,7.28E+04
16.457,2857.728,-1.166,1.167,0.043,0,0,0.021,2.53E-04,25.564,43.472,0.396,7.27E+04
16.507,2863.168,-1.164,1.165,0.043,0,0,0.021,4.94E-04,25.564,43.008,0.396,7.27E+04
16.557,2868.58,-1.162,1.163,0.043,0,0,0.021,8.11E-04,25.564,42.548,0.395,7.27E+04
16.607,2873.964,-1.161,1.161,0.043,0,0,0.021,0.001,25.564,42.092,0.395,7.26E+04
16.657,2879.319,-1.159,1.16,0.042,0,0,0.021,0.001,25.564,41.639,0.395,7.26E+04
16.707,2884.645,-1.157,1.158,0.042,0,0,0.022,0.001,25.564,41.19,0.395,7.25E+04
16.757,2889.943,-1.155,1.156,0.042,0,-7.37E-09,0.022,0.001,25.564,40.744,0.395,7.25E+04
16.807,2895.213,-1.153,1.154,0.042,0,-6.19E-09,0.022,9.60E-04,25.564,40.303,0.395,7.24E+04
16.857,2900.455,-1.152,1.152,0.041,0,1.15E-08,0.022,6.49E-04,25.564,39.864,0.395,7.24E+04
16.907,2905.668,-1.15,1.151,0.041,0,8.95E-09,0.022,4.03E-04,25.564,39.43,0.395,7.23E+04
16.957,2910.853,-1.148,1.149,0.041,0,0,0.023,2.37E-04,25.564,38.999,0.395,7.23E+04
17.007,2916.01,-1.147,1.147,0.041,0,9.45E-09,0.023,2.11E-05,25.564,38.571,0.395,7.22E+04
17.057,2921.139,-1.145,1.146,0.04,0,6.12E-09,0.023,-1.62E-04,25.564,38.147,0.394,7.22E+04
17.107,2926.24,-1.143,1.144,0.04,0,0,0.023,-2.91E-04,25.564,37.727,0.394,7.21E+04
17.157,2931.313,-1.142,1.142,0.04,0,0,0.024,-3.90E-04,25.564,37.31,0.394,7.21E+04
17.207,2936.357,-1.14,1.141,0.04,0,-1.54E-08,0.024,-4.50E-04,25.564,36.896,0.394,7.21E+04
17.257,2941.374,-1.138,1.139,0.039,0,-6.87E-09,0.024,-5.28E-04,25.564,36.486,0.394,7.20E+04
17.307,2946.363,-1.137,1.137,0.039,0,0,0.024,-5.85E-04,25.564,36.079,0.394,7.20E+04
17.357,2951.324,-1.135,1.136,0.039,0,0,0.025,-6.61E-04,25.564,35.675,0.394,7.19E+04
17.407,2956.257,-1.133,1.134,0.039,0,0,0.025,-7.07E-04,25.564,35.275,0.394,7.19E+04
17.457,2961.163,-1.132,1.133,0.038,0,6.45E-09,0.025,-7.23E-04,25.564,34.878,0.394,7.18E+04
17.507,2966.041,-1.13,1.131,0.038,0,-5.79E-09,0.025,-6.25E-04,25.564,34.485,0.394,7.18E+04
17.557,2970.891,-1.129,1.129,0.038,0,-7.78E-09,0.026,-4.93E-04,25.564,34.094,0.393,7.17E+04
17.607,2975.713,-1.127,1.128,0.038,0,0,0.026,-3.46E-04,25.564,33.707,0.393,7.17E+04
17.657,2980.508,-1.126,1.126,0.037,0,5.18E-09,0.026,-2.07E-04,25.564,33.323,0.393,7.17E+04
17.707,2985.275,-1.124,1.125,0.037,0,0,0.026,-2.28E-05,25.564,32.942,0.393,7.16E+04
17.757,2990.014,-1.123,1.123,0.037,0,-9.60E-09,0.027,1.41E-04,25.564,32.565,0.393,7.16E+04
17.807,2994.726,-1.121,1.122,0.037,0,8.05E-09,0.027,2.60E-04,25.564,32.19,0.393,7.15E+04
17.857,2999.411,-1.12,1.12,0.036,0,0,0.027,4.01E-04,25.564,31.819,0.393,7.15E+04
17.907,3004.068,-1.118,1.119,0.036,0,-5.28E-09,0.027,5.34E-04,25.564,31.451,0.393,7.15E+04
17.957,3008.697,-1.117,1.117,0.036,0,0,0.028,5.98E-04,25.564,31.085,0.393,7.14E+04
18.007,3013.3,-1.115,1.116,0.036,0,5.18E-09,0.028,6.25E-04,25.564,30.723,0.393,7.14E+04
18.057,3017.874,-1.114,1.115,0.036,0,-6.32E-09,0.028,6.69E-04,25.564,30.364,0.393,7.13E+04
18.107,3022.422,-1.113,1.113,0.035,0,6.63E-09,0.028,6.59E-04,25.564,30.008,0.393,7.13E+04
18.157,3026.942,-1.111,1.112,0.035,0,1.01E-08,0.029,6.32E-04,25.564,29.655,0.392,7.13E+04
18.207,3031.435,-1.11,1.11,0.035,0,0,0.029,5.50E-04,25.564,29.305,0.392,7.12E+04
18.257,3035.901,-1.108,1.109,0.035,0,0,0.029,4.95E-04,25.564,28.957,0.392,7.12E+04
18.307,3040.34,-1.107,1.107,0.034,0,6.98E-09,0.03,4.14E-04,25.564,28.613,0.392,7.11E+04
18.357,3044.752,-1.106,1.106,0.034,0,6.86E-09,0.03,3.12E-04,25.564,28.272,0.392,7.11E+04
18.407,3049.136,-1.104,1.105,0.034,0,1.14E-08,0.03,1.77E-04,25.564,27.933,0.392,7.11E+04
18.457,3053.493,-1.103,1.103,0.034,0,0,0.031,5.68E-05,25.564,27.598,0.392,7.10E+04
18.507,3057.824,-1.102,1.102,0.034,0,0,0.031,-6.58E-05,25.564,27.265,0.392,7.10E+04
18.557,3062.127,-1.1,1.101,0.033,0,1.17E-08,0.031,-1.96E-04,25.564,26.935,0.392,7.09E+04
18.607,3066.403,-1.099,1.099,0.033,0,0,0.032,-3.14E-04,25.564,26.608,0.392,7.09E+04
18.657,3070.653,-1.098,1.098,0.033,0,0,0.032,-4.47E-04,25.564,26.284,0.392,7.09E+04
18.707,3074.875,-1.096,1.097,0.033,0,-9.45E-09,0.033,-5.32E-04,25.564,25.962,0.392,7.08E+04
18.757,3079.071,-1.095,1.096,0.033,0,5.75E-09,0.033,-6.05E-04,25.564,25.643,0.392,7.08E+04
18.807,3083.24,-1.094,1.094,0.032,0,0,0.033,-6.37E-04,25.564,25.327,0.391,7.08E+04
18.857,3087.382,-1.093,1.093,0.032,0,-1.39E-08,0.034,-6.28E-04,25.564,25.014,0.391,7.07E+04
18.907,3091.497,-1.091,1.092,0.032,0,0,0.034,-6.26E-04,25.564,24.703,0.391,7.07E+04
18.957,3095.585,-1.09,1.091,0.032,0,0,0.034,-5.90E-04,25.564,24.395,0.391,7.06E+04
19.007,3099.647,-1.089,1.089,0.031,0,0,0.035,-5.11E-04,25.564,24.09,0.391,7.06E+04
19.057,3103.682,-1.088,1.088,0.031,0,0,0.035,-4.20E-04,25.564,23.788,0.391,7.06E+04
19.107,3107.69,-1.087,1.087,0.031,0,1.44E-08,0.035,-3.12E-04,25.564,23.489,0.391,7.05E+04
19.157,3111.672,-1.085,1.086,0.031,0,-7.30E-09,0.036,-1.89E-04,25.564,23.192,0.391,7.05E+04
19.207,3115.627,-1.084,1.085,0.031,0,0,0.036,-6.67E-05,25.564,22.897,0.391,7.05E+04
19.257,3119.555,-1.083,1.083,0.031,0,0,0.037,3.24E-05,25.564,22.606,0.391,7.04E+04
19.307,3123.457,-1.082,1.082,0.03,0,6.07E-09,0.037,1.20E-04,25.564,22.317,0.391,7.04E+04
19.357,3127.333,-1.081,1.081,0.03,0,-7.73E-09,0.038,1.98E-04,25.564,22.03,0.391,7.04E+04
19.407,3131.182,-1.08,1.08,0.03,0,0,0.038,2.71E-04,25.564,21.746,0.391,7.03E+04
19.457,3135.004,-1.078,1.079,0.03,0,0,0.038,3.20E-04,25.564,21.464,0.391,7.03E+04
19.507,3138.8,-1.077,1.078,0.03,0,0,0.039,3.56E-04,25.564,21.185,0.39,7.03E+04
19.557,3142.57,-1.076,1.077,0.029,0,-7.82E-09,0.039,3.82E-04,25.564,20.909,0.39,7.02E+04
19.607,3146.313,-1.075,1.075,0.029,0,8.95E-09,0.04,3.83E-04,25.564,20.635,0.39,7.02E+04
19.657,3150.03,-1.074,1.074,0.029,0,0,0.04,3.87E-04,25.564,20.363,0.39,7.02E+04
19.707,3153.721,-1.073,1.073,0.029,0,0,0.041,3.69E-04,25.564,20.094,0.39,7.02E+04
19.757,3157.385,-1.072,1.072,0.029,0,9.47E-09,0.041,3.37E-04,25.564,19.827,0.39,7.01E+04
19.807,3161.023,-1.071,1.071,0.029,0,-7.08E-09,0.042,3.08E-04,25.564,19.563,0.39,7.01E+04
19.857,3164.634,-1.07,1.07,0.028,0,-8.59E-09,0.042,2.69E-04,25.564,19.301,0.39,7.01E+04
19.907,3168.22,-1.069,1.069,0.028,0,0,0.043,2.06E-04,25.564,19.041,0.39,7.00E+04
19.957,3171.779,-1.068,1.068,0.028,0,1.48E-08,0.043,1.49E-04,25.564,18.784,0.39,7.00E+04
20.007,3175.312,-1.067,1.067,0.028,0,0,0.044,8.23E-05,25.564,18.529,0.39,7.00E+04
20.057,3178.819,-1.066,1.066,0.028,0,5.66E-09,0.045,1.32E-05,25.564,18.277,0.39,6.99E+04
20.107,3182.3,-1.065,1.065,0.027,0,0,0.045,-5.77E-05,25.564,18.027,0.39,6.99E+04
20.157,3185.755,-1.064,1.064,0.027,0,0,0.046,-1.31E-04,25.564,17.779,0.39,6.99E+04
20.207,3189.184,-1.063,1.063,0.027,0,6.87E-09,0.046,-1.86E-04,25.564,17.533,0.39,6.99E+04
20.257,3192.586,-1.062,1.062,0.027,0,0,0.047,-2.43E-04,25.564,17.29,0.39,6.98E+04
20.307,3195.963,-1.061,1.061,0.027,0,0,0.047,-2.77E-04,25.564,17.049,0.389,6.98E+04
20.357,3199.313,-1.06,1.06,0.027,0,0,0.048,-3.06E-04,25.564,16.811,0.389,6.98E+04
20.407,3202.638,-1.059,1.059,0.026,0,-6.70E-09,0.049,-3.18E-04,25.564,16.574,0.389,6.97E+04
20.457,3205.937,-1.058,1.058,0.026,0,-9.77E-09,0.049,-3.33E-04,25.564,16.34,0.389,6.97E+04
20.507,3209.209,-1.057,1.057,0.026,0,6.57E-09,0.05,-3.35E-04,25.564,16.108,0.389,6.97E+04
20.557,3212.456,-1.056,1.056,0.026,0,0,0.051,-3.18E-04,25.564,15.878,0.389,6.97E+04
20.607,3215.677,-1.055,1.055,0.026,0,0,0.051,-2.97E-04,25.564,15.651,0.389,6.96E+04
20.657,3218.872,-1.054,1.054,0.026,0,0,0.052,-2.66E-04,25.564,15.426,0.389,6.96E+04
20.707,3222.041,-1.053,1.053,0.025,0,-5.42E-09,0.053,-2.40E-04,25.564,15.203,0.389,6.96E+04
20.757,3225.185,-1.052,1.053,0.025,0,0,0.053,-1.94E-04,25.564,14.982,0.389,6.95E+04
20.807,3228.302,-1.051,1.052,0.025,0,-5.51E-09,0.054,-1.50E-04,25.564,14.763,0.389,6.95E+04
20.857,3231.394,-1.05,1.051,0.025,0,0,0.055,-9.68E-05,25.564,14.546,0.389,6.95E+04
20.907,3234.46,-1.05,1.05,0.025,0,0,0.055,-4.05E-05,25.564,14.332,0.389,6.95E+04
20.957,3237.5,-1.049,1.049,0.025,0,-5.19E-09,0.056,1.39E-05,25.564,14.119,0.389,6.94E+04
21.007,3240.515,-1.048,1.048,0.025,0,0,0.057,7.40E-05,25.564,13.909,0.389,6.94E+04
21.057,3243.504,-1.047,1.047,0.024,0,0,0.058,1.23E-04,25.564,13.701,0.389,6.94E+04
21.107,3246.467,-1.046,1.046,0.024,0,-7.29E-09,0.059,1.67E-04,25.564,13.495,0.389,6.94E+04
21.157,3249.405,-1.045,1.046,0.024,0,-5.85E-09,0.059,2.05E-04,25.564,13.291,0.389,6.93E+04
21.207,3252.317,-1.045,1.045,0.024,0,0,0.06,2.44E-04,25.564,13.094,0.389,6.93E+04
21.257,3255.203,-1.044,1.044,0.024,0,1.02E-08,0.061,2.67E-04,25.564,12.904,0.389,6.93E+04
21.307,3258.064,-1.043,1.043,0.024,0,0,0.062,2.81E-04,25.564,12.716,0.389,6.93E+04
21.357,3260.899,-1.042,1.042,0.024,0,8.92E-09,0.063,2.95E-04,25.564,12.53,0.389,6.92E+04
21.407,3263.709,-1.041,1.042,0.024,0,0,0.064,2.96E-04,25.564,12.346,0.39,6.92E+04
21.457,3266.493,-1.041,1.041,0.023,0,0,0.065,2.90E-04,25.564,12.164,0.39,6.92E+04
21.507,3269.251,-1.04,1.04,0.023,0,1.13E-08,0.065,2.78E-04,25.564,11.984,0.39,6.92E+04
21.557,3271.985,-1.039,1.039,0.023,0,0,0.066,2.64E-04,25.564,11.805,0.391,6.91E+04
21.607,3274.692,-1.038,1.039,0.023,0,-5.47E-09,0.067,2.47E-04,25.564,11.628,0.391,6.91E+04
21.657,3277.374,-1.038,1.038,0.023,0,0,0.068,2.31E-04,25.564,11.453,0.391,6.91E+04
21.707,3280.031,-1.037,1.037,0.023,0,-6.91E-09,0.069,2.02E-04,25.564,11.279,0.391,6.91E+04
21.757,3282.662,-1.036,1.036,0.023,0,-1.12E-08,0.07,1.72E-04,25.564,11.108,0.392,6.91E+04
21.807,3285.268,-1.035,1.036,0.023,0,-1.09E-08,0.071,1.44E-04,25.564,10.938,0.392,6.90E+04
21.857,3287.849,-1.035,1.035,0.023,0,0,0.073,1.13E-04,25.564,10.77,0.392,6.90E+04
21.907,3290.404,-1.034,1.034,0.023,0,0,0.074,8.26E-05,25.564,10.603,0.393,6.90E+04
21.957,3292.934,-1.033,1.034,0.022,0,-5.74E-09,0.075,5.28E-05,25.564,10.439,0.393,6.90E+04
22.007,3295.438,-1.033,1.033,0.022,0,0,0.076,2.01E-05,25.564,10.276,0.393,6.90E+04
22.057,3297.917,-1.032,1.032,0.022,0,9.92E-09,0.077,-1.01E-05,25.564,10.115,0.394,6.89E+04
22.107,3300.371,-1.031,1.032,0.022,0,0,0.078,-3.82E-05,25.564,9.955,0.394,6.89E+04
22.157,3302.8,-1.031,1.031,0.022,0,0,0.079,-6.45E-05,25.564,9.797,0.394,6.89E+04
22.207,3305.203,-1.03,1.03,0.022,0,0,0.081,-8.99E-05,25.564,9.641,0.395,6.89E+04
22.257,3307.581,-1.029,1.029,0.022,0,-1.49E-08,0.082,-1.13E-04,25.564,9.487,0.395,6.88E+04
22.307,3309.934,-1.029,1.029,0.022,0,0,0.083,-1.31E-04,25.564,9.334,0.395,6.88E+04
22.357,3312.262,-1.028,1.028,0.022,0,1.22E-08,0.084,-1.46E-04,25.564,9.183,0.395,6.88E+04
22.407,3314.564,-1.027,1.027,0.022,0,6.34E-09,0.086,-1.57E-04,25.564,9.034,0.396,6.88E+04
22.457,3316.841,-1.027,1.027,0.022,0,0,0.087,-1.70E-04,25.564,8.886,0.396,6.88E+04
22.507,3319.093,-1.026,1.026,0.021,0,-7.20E-09,0.088,-1.82E-04,25.564,8.74,0.396,6.88E+04
22.557,3321.32,-1.025,1.026,0.021,0,0,0.09,-1.84E-04,25.564,8.596,0.397,6.87E+04
22.607,3323.522,-1.025,1.025,0.021,0,0,0.091,-1.85E-04,25.564,8.453,0.397,6.87E+04
22.657,3325.699,-1.024,1.024,0.021,0,0,0.093,-1.82E-04,25.564,8.312,0.398,6.87E+04
22.707,3327.85,-1.023,1.024,0.021,0,0,0.094,-1.76E-04,25.564,8.173,0.398,6.87E+04
22.757,3329.977,-1.023,1.023,0.021,0,-6.96E-09,0.096,-1.69E-04,25.564,8.036,0.398,6.87E+04
22.807,3332.078,-1.022,1.022,0.021,0,1.29E-08,0.097,-1.58E-04,25.564,7.9,0.399,6.86E+04
22.857,3334.154,-1.022,1.022,0.021,0,8.10E-09,0.099,-1.48E-04,25.564,7.765,0.399,6.86E+04
22.907,3336.205,-1.021,1.021,0.021,0,0,0.1,-1.36E-04,25.564,7.633,0.399,6.86E+04
22.957,3338.232,-1.02,1.021,0.021,0,0,0.102,-1.27E-04,25.564,7.502,0.4,6.86E+04
23.007,3340.233,-1.02,1.02,0.021,0,1.24E-08,0.104,-1.10E-04,25.564,7.372,0.4,6.86E+04
23.057,3342.209,-1.019,1.019,0.021,0,-5.71E-09,0.105,-9.75E-05,25.564,7.245,0.4,6.86E+04
23.107,3344.16,-1.018,1.019,0.021,0,0,0.107,-8.38E-05,25.564,7.119,0.401,6.85E+04
23.157,3346.087,-1.018,1.018,0.021,0,0,0.109,-6.74E-05,25.564,6.994,0.401,6.85E+04
23.207,3347.988,-1.017,1.017,0.021,0,-5.05E-09,0.111,-5.50E-05,25.564,6.871,0.402,6.85E+04
23.257,3349.864,-1.017,1.017,0.021,0,0,0.112,-3.71E-05,25.564,6.75,0.402,6.85E+04
23.307,3351.716,-1.016,1.016,0.021,0,0,0.114,-2.53E-05,25.564,6.631,0.402,6.85E+04
23.357,3353.542,-1.015,1.016,0.021,0,0,0.116,-9.36E-06,25.564,6.513,0.403,6.85E+04
23.407,3355.344,-1.015,1.015,0.021,0,-6.74E-09,0.118,1.69E-06,25.564,6.397,0.403,6.84E+04
23.457,3357.121,-1.014,1.014,0.02,0,8.14E-09,0.12,1.50E-05,25.564,6.282,0.404,6.84E+04
23.507,3358.873,-1.014,1.014,0.02,0,6.40E-09,0.122,2.69E-05,25.564,6.169,0.404,6.84E+04
23.557,3360.6,-1.013,1.013,0.02,0,-1.08E-08,0.124,3.63E-05,25.564,6.058,0.404,6.84E+04
23.607,3362.302,-1.013,1.013,0.02,0,5.53E-09,0.126,4.66E-05,25.564,5.948,0.405,6.84E+04
23.657,3363.979,-1.012,1.012,0.02,0,0,0.128,5.32E-05,25.564,5.84,0.405,6.84E+04
23.707,3365.632,-1.011,1.012,0.02,0,6.75E-09,0.131,6.30E-05,25.564,5.733,0.406,6.84E+04
23.757,3367.259,-1.011,1.011,0.02,0,-7.92E-09,0.133,6.73E-05,25.564,5.628,0.406,6.83E+04
23.807,3368.862,-1.01,1.01,0.02,0,-1.10E-08,0.135,7.25E-05,25.564,5.525,0.406,6.83E+04
23.857,3370.441,-1.01,1.01,0.02,0,0,0.137,7.98E-05,25.564,5.423,0.407,6.83E+04
23.907,3371.994,-1.009,1.009,0.02,0,8.99E-09,0.14,8.42E-05,25.564,5.323,0.407,6.83E+04
23.957,3373.523,-1.008,1.009,0.02,0,0,0.142,8.46E-05,25.564,5.225,0.408,6.83E+04
24.007,3375.027,-1.008,1.008,0.02,0,8.13E-09,0.145,8.79E-05,25.564,5.128,0.408,6.83E+04
24.057,3376.506,-1.007,1.008,0.02,0,-9.43E-09,0.147,8.73E-05,25.564,5.033,0.409,6.83E+04
24.107,3377.961,-1.007,1.007,0.02,0,0,0.15,8.76E-05,25.564,4.939,0.409,6.83E+04
24.157,3379.391,-1.006,1.006,0.02,0,0,0.152,8.80E-05,25.564,4.848,0.41,6.82E+04
24.207,3380.796,-1.006,1.006,0.02,0,0,0.155,8.88E-05,25.564,4.757,0.41,6.82E+04
24.257,3382.177,-1.005,1.005,0.02,0,0,0.157,8.71E-05,25.564,4.669,0.41,6.82E+04
24.307,3383.533,-1.004,1.005,0.02,0,0,0.16,8.31E-05,25.564,4.582,0.411,6.82E+04
24.357,3384.864,-1.004,1.004,0.02,0,-1.08E-08,0.163,8.05E-05,25.564,4.496,0.411,6.82E+04
24.407,3386.171,-1.003,1.003,0.02,0,0,0.166,7.80E-05,25.564,4.413,0.412,6.82E+04
24.457,3387.453,-1.003,1.003,0.02,0,6.36E-09,0.169,7.40E-05,25.564,4.331,0.412,6.82E+04
24.507,3388.71,-1.002,1.002,0.02,0,6.01E-09,0.171,7.03E-05,25.564,4.25,0.413,6.82E+04
24.557,3389.943,-1.001,1.002,0.02,0,7.46E-09,0.174,6.60E-05,25.564,4.172,0.413,6.82E+04
24.607,3391.152,-1.001,1.001,0.02,0,0,0.177,6.20E-05,25.564,4.094,0.414,6.81E+04
24.657,3392.336,-1,1,0.02,0,0,0.18,5.66E-05,25.564,4.019,0.414,6.81E+04
24.707,3393.495,-1,1,0.021,0,0,0.184,5.14E-05,25.564,3.945,0.415,6.81E+04
24.757,3394.63,-0.999,0.999,0.021,0,0,0.187,4.62E-05,25.564,3.873,0.415,6.81E+04
24.807,3395.74,-0.998,0.999,0.021,0,0,0.19,4.09E-05,25.564,3.803,0.416,6.81E+04
24.857,3396.826,-0.998,0.998,0.021,0,-6.71E-09,0.193,3.49E-05,25.564,3.734,0.416,6.81E+04
24.907,3397.888,-0.997,0.997,0.021,0,5.82E-09,0.196,3.08E-05,25.564,3.667,0.416,6.81E+04
24.957,3398.925,-0.996,0.997,0.021,0,0,0.2,2.51E-05,25.564,3.602,0.417,6.81E+04
25.007,3399.937,-0.996,0.996,0.021,0,0,0.203,2.08E-05,25.564,3.538,0.417,6.81E+04
25.057,3400.925,-0.995,0.995,0.021,0,0,0.207,1.67E-05,25.564,3.476,0.418,6.81E+04
25.107,3401.889,-0.995,0.995,0.021,0,0,0.21,1.11E-05,25.564,3.416,0.418,6.80E+04
25.157,3402.828,-0.994,0.994,0.021,0,5.21E-09,0.214,7.49E-06,25.564,3.357,0.419,6.80E+04
25.207,3403.743,-0.993,0.993,0.021,0,-9.29E-09,0.217,1.87E-06,25.564,3.3,0.419,6.80E+04
25.257,3404.634,-0.992,0.993,0.021,0,-5.88E-09,0.221,-7.42E-07,25.564,3.245,0.42,6.80E+04
25.307,3405.5,-0.992,0.992,0.021,0,-6.82E-09,0.225,-5.49E-06,25.564,3.191,0.42,6.80E+04
25.357,3406.342,-0.991,0.991,0.021,0,-5.42E-09,0.228,-8.89E-06,25.564,3.14,0.421,6.80E+04
25.407,3407.16,-0.99,0.991,0.021,0,0,0.232,-1.13E-05,25.564,3.09,0.421,6.80E+04
25.457,3407.954,-0.99,0.99,0.021,0,0,0.236,-1.39E-05,25.564,3.041,0.422,6.80E+04
25.507,3408.723,-0.989,0.989,0.021,0,-1.14E-08,0.24,-1.79E-05,25.564,2.995,0.422,6.80E+04
25.557,3409.468,-0.988,0.988,0.021,0,0,0.244,-2.01E-05,25.564,2.95,0.423,6.80E+04
25.607,3410.188,-0.987,0.988,0.021,0,0,0.248,-2.18E-05,25.564,2.906,0.423,6.80E+04
25.657,3410.885,-0.987,0.987,0.021,0,0,0.252,-2.40E-05,25.564,2.865,0.423,6.80E+04
25.707,3411.557,-0.986,0.986,0.021,0,0,0.256,-2.66E-05,25.564,2.825,0.424,6.80E+04
25.757,3412.205,-0.985,0.985,0.021,0,0,0.26,-2.78E-05,25.564,2.787,0.424,6.80E+04
25.807,3412.829,-0.984,0.985,0.021,0,0,0.264,-2.94E-05,25.564,2.75,0.425,6.80E+04
25.857,3413.429,-0.984,0.984,0.021,0,-7.06E-09,0.268,-3.17E-05,25.564,2.716,0.425,6.80E+04
25.907,3414.005,-0.983,0.983,0.021,0,-1.11E-08,0.272,-3.32E-05,25.564,2.682,0.425,6.79E+04
25.957,3414.556,-0.982,0.982,0.021,0,0,0.276,-3.31E-05,25.564,2.651,0.426,6.79E+04
26.007,3415.084,-0.981,0.981,0.021,0,0,0.28,-3.46E-05,25.564,2.621,0.426,6.79E+04
26.057,3415.587,-0.98,0.981,0.02,0,8.54E-09,0.285,-3.52E-05,25.564,2.593,0.427,6.79E+04
26.107,3416.067,-0.98,0.98,0.02,0,-8.29E-09,0.289,-3.69E-05,25.564,2.566,0.427,6.79E+04
26.157,3416.522,-0.979,0.979,0.02,0,-7.16E-09,0.293,-3.76E-05,25.564,2.541,0.427,6.79E+04
26.207,3416.954,-0.978,0.978,0.02,0,5.64E-09,0.298,-3.74E-05,25.564,2.518,0.428,6.79E+04
26.257,3417.361,-0.977,0.977,0.02,0,0,0.302,-3.77E-05,25.564,2.496,0.428,6.79E+04
26.307,3417.745,-0.976,0.976,0.02,0,0,0.306,-3.81E-05,25.564,2.476,0.428,6.79E+04
26.357,3418.104,-0.975,0.976,0.019,0,0,0.311,-3.80E-05,25.564,2.457,0.428,6.79E+04
26.407,3418.44,-0.974,0.975,0.019,0,0,0.315,-3.83E-05,25.564,2.44,0.429,6.79E+04
26.457,3418.752,-0.974,0.974,0.019,0,0,0.319,-3.84E-05,25.564,2.424,0.429,6.79E+04
26.507,3419.04,-0.973,0.973,0.019,0,0,0.324,-3.85E-05,25.564,2.41,0.429,6.79E+04
26.557,3419.304,-0.972,0.972,0.018,0,0,0.328,-3.88E-05,25.564,2.397,0.43,6.79E+04
26.607,3419.544,-0.971,0.971,0.018,0,0,0.333,-3.80E-05,25.564,2.386,0.43,6.79E+04
26.657,3419.76,-0.97,0.971,0.018,0,0,0.337,-3.84E-05,25.564,2.376,0.43,6.79E+04
26.707,3419.953,-0.97,0.97,0.017,0,0,0.342,-3.82E-05,25.564,2.367,0.43,6.79E+04
26.757,3420.122,-0.969,0.969,0.017,0,0,0.346,-3.82E-05,25.564,2.36,0.43,6.79E+04
26.807,3420.267,-0.968,0.968,0.017,0,-7.68E-09,0.35,-3.83E-05,25.564,2.354,0.43,6.79E+04
26.857,3420.388,-0.967,0.967,0.016,0,0,0.355,-3.82E-05,25.564,2.349,0.43,6.79E+04
26.907,3420.486,-0.967,0.967,0.016,0,5.47E-09,0.359,-3.71E-05,25.564,2.346,0.431,6.79E+04
26.957,3420.56,-0.966,0.966,0.015,0,-5.66E-09,0.363,-3.73E-05,25.564,2.343,0.431,6.79E+04
27.007,3420.61,-0.965,0.966,0.015,0,-9.09E-09,0.368,-3.74E-05,25.564,2.342,0.431,6.79E+04
27.057,3420.637,-0.965,0.965,0.014,0,5.96E-09,0.372,-3.62E-05,25.564,2.342,0.431,6.79E+04
27.107,3420.64,-0.964,0.964,0.013,0,9.27E-09,0.376,-3.56E-05,25.564,2.343,0.431,6.79E+04
27.157,3420.619,-0.964,0.964,0.013,0,5.86E-09,0.38,-3.54E-05,25.564,2.345,0.431,6.79E+04
27.161,3420.616,-0.974,1.307,0.872,0,0,0,0,25.564,218.676,0,6.79E+04
27.308,3420.411,-0.973,1.305,0.87,0,0,0,0,25.564,218.094,0,6.79E+04
27.463,3419.979,-0.926,1.214,0.785,0,0,0,0,25.564,197.509,0,6.79E+04
27.649,3419.178,-0.883,1.134,0.711,0,0,0,0,25.564,180.641,0,6.79E+04
27.873,3417.824,-0.838,1.054,0.64,0,0,0,0,25.564,165.429,0,6.79E+04
28.148,3415.618,-0.788,0.975,0.573,0,0,0,0,25.564,153.014,0,6.79E+04
28.485,3412.148,-0.732,0.893,0.512,0,0,0,0,25.564,144.695,0,6.79E+04
28.883,3407.065,-0.664,0.807,0.459,0,0,0,0,25.564,142.279,0,6.80E+04
29.316,3400.434,-0.582,0.714,0.414,0,0,0,0,25.564,147.13,0,6.80E+04
29.762,3392.566,-0.49,0.618,0.375,0,0,0,0,25.564,158.204,0,6.81E+04
30.226,3383.47,-0.399,0.524,0.34,0,0,0,0,25.564,172.519,0,6.81E+04
30.726,3372.829,-0.312,0.435,0.303,0,0,0,0,25.564,187.881,0,6.82E+04
31.226,3361.522,-0.231,0.351,0.263,0,0,0,0,25.564,203.15,0,6.83E+04
31.726,3349.728,-0.167,0.28,0.225,0,0,0,0,25.564,215.826,0,6.84E+04
32.226,3337.585,-0.117,0.223,0.19,0,0,0,0,25.564,225.733,0,6.85E+04
32.726,3325.199,-0.081,0.178,0.159,0,0,0,0,25.564,233.153,0,6.86E+04
33.226,3312.646,-0.055,0.142,0.131,0,0,0,0,25.564,238.541,0,6.87E+04
33.726,3299.981,-0.037,0.114,0.108,0,0,0,0,25.564,242.369,0,6.88E+04
34.226,3287.241,-0.024,0.091,0.088,0,0,0,0,25.564,245.045,0,6.89E+04
34.726,3274.453,-0.015,0.074,0.072,0,0,0,0,25.564,246.894,0,6.90E+04
35.226,3261.635,-0.009,0.059,0.059,0,0,0,0,25.564,248.16,0,6.91E+04
35.726,3248.8,-0.005,0.048,0.048,0,0,0,0,25.564,249.021,0,6.92E+04
36.226,3235.955,-0.003,0.039,0.039,0,0,0,0,25.564,249.603,0,6.93E+04
36.726,3223.105,-7.12E-04,0.031,0.031,0,0,0,0,25.564,249.995,0,6.95E+04
37.226,3210.256,5.06E-04,0.025,0.025,0,0,0,0,25.564,250.258,0,6.96E+04
37.726,3197.409,0.001,0.021,0.021,0,0,0,0,25.564,250.434,0,6.97E+04
38.226,3184.566,0.002,0.017,0.017,0,0,0,0,25.564,250.551,0,6.98E+04
38.726,3171.727,0.002,0.014,0.014,0,0,0,0,25.564,250.629,0,6.99E+04
39.226,3158.895,0.002,0.011,0.011,0,0,0,0,25.564,250.68,0,7.00E+04
39.726,3146.068,0.003,0.009,0.009,0,0,0,0,25.564,250.714,0,7.01E+04
40.226,3133.249,0.003,0.008,0.007,0,0,0,0,25.564,250.736,0,7.02E+04
40.726,3120.435,0.003,0.006,0.006,0,0,0,0,25.564,250.75,0,7.03E+04
41.226,3107.629,0.003,0.005,0.005,0,0,0,0,25.564,250.759,0,7.04E+04
41.726,3094.829,0.003,0.005,0.004,0,0,0,0,25.564,250.764,0,7.05E+04
42.226,3082.037,0.003,0.004,0.003,0,0,0,0,25.564,250.773,0,7.07E+04
42.726,3069.251,0.003,0.004,0.002,0,0,0,0,25.564,250.79,0,7.08E+04
43.226,3056.473,0.003,0.004,0.002,0,0,0,0,25.564,250.8,0,7.09E+04
43.726,3043.702,0.003,0.003,0.002,0,0,0,0,25.564,250.805,0,7.10E+04
44.226,3030.938,0.003,0.003,0.001,0,0,0,0,25.564,250.808,0,7.11E+04
44.726,3018.182,0.003,0.003,0.001,0,0,0,0,25.564,250.81,0,7.12E+04
45.226,3005.433,0.003,0.003,8.60E-04,0,0,0,0,25.564,250.81,0,7.13E+04
45.726,2992.691,0.003,0.003,6.95E-04,0,0,0,0,25.564,250.81,0,7.14E+04
46.226,2979.957,0.003,0.003,5.62E-04,0,0,0,0,25.564,250.809,0,7.16E+04
46.726,2967.229,0.003,0.003,4.54E-04,0,0,0,0,25.564,250.808,0,7.17E+04
47.226,2954.509,0.003,0.003,3.67E-04,0,0,0,0,25.564,250.807,0,7.18E+04
47.726,2941.797,0.003,0.003,2.97E-04,0,0,0,0,25.564,250.806,0,7.19E+04
48.226,2929.091,0.003,0.003,2.40E-04,0,0,0,0,25.564,250.804,0,7.20E+04
48.726,2916.393,0.003,0.003,1.94E-04,0,0,0,0,25.564,250.803,0,7.21E+04
49.226,2903.702,0.003,0.003,1.57E-04,0,0,0,0,25.564,250.802,0,7.22E+04
49.726,2891.018,0.003,0.003,1.27E-04,0,0,0,0,25.564,250.801,0,7.23E+04
50.226,2878.341,0.003,0.003,1.03E-04,0,0,0,0,25.564,250.799,0,7.25E+04
50.726,2865.671,0.003,0.003,8.36E-05,0,0,0,0,25.564,250.798,0,7.26E+04
51.226,2853.008,0.003,0.003,6.78E-05,0,0,0,0,25.564,250.797,0,7.27E+04
51.726,2840.352,0.003,0.003,5.51E-05,0,0,0,0,25.564,250.796,0,7.28E+04
52.226,2827.704,0.003,0.003,4.48E-05,0,0,0,0,25.564,250.794,0,7.29E+04
52.726,2815.062,0.003,0.003,3.65E-05,0,0,0,0,25.564,250.793,0,7.30E+04
53.226,2802.428,0.003,0.003,2.98E-05,0,0,0,0,25.564,250.792,0,7.31E+04
53.726,2789.8,0.003,0.003,2.43E-05,0,0,0,0,25.564,250.791,0,7.32E+04
54.226,2777.179,0.003,0.003,2.00E-05,0,0,0,0,25.564,250.789,0,7.34E+04
54.726,2764.565,0.003,0.003,1.64E-05,0,0,0,0,25.564,250.788,0,7.35E+04
55.226,2751.959,0.003,0.003,1.36E-05,0,0,0,0,25.564,250.787,0,7.36E+04
55.726,2739.359,0.003,0.003,1.13E-05,0,0,0,0,25.564,250.786,0,7.37E+04
56.226,2726.765,0.003,0.003,9.45E-06,0,0,0,0,25.564,250.785,0,7.38E+04
56.726,2714.179,0.003,0.003,7.95E-06,0,0,0,0,25.564,250.784,0,7.39E+04
57.226,2701.6,0.003,0.003,6.75E-06,0,0,0,0,25.564,250.783,0,7.40E+04
57.726,2689.027,0.003,0.003,5.77E-06,0,0,0,0,25.564,250.781,0,7.41E+04
58.226,2676.461,0.003,0.003,4.99E-06,0,0,0,0,25.564,250.78,0,7.42E+04
58.726,2663.902,0.003,0.003,4.35E-06,0,0,0,0,25.564,250.779,0,7.44E+04
59.226,2651.35,0.003,0.003,3.84E-06,0,0,0,0,25.564,250.778,0,7.45E+04
59.726,2638.804,0.003,0.003,3.43E-06,0,0,0,0,25.564,250.777,0,7.46E+04
60.226,2626.265,0.003,0.003,3.09E-06,0,0,0,0,25.564,250.776,0,7.47E+04
60.726,2613.733,0.003,0.003,2.82E-06,0,0,0,0,25.564,250.775,0,7.48E+04
61.226,2601.207,0.003,0.003,2.60E-06,0,0,0,0,25.564,250.774,0,7.49E+04
61.726,2588.688,0.003,0.003,2.42E-06,0,0,0,0,25.564,250.773,0,7.50E+04
62.226,2576.176,0.003,0.003,2.30E-06,0,0,0,0,25.564,250.786,0,7.51E+04
62.726,2563.67,0.003,0.003,2.20E-06,0,0,0,0,25.564,250.796,0,7.53E+04
63.226,2551.172,0.003,0.003,2.12E-06,0,0,0,0,25.564,250.801,0,7.54E+04
63.726,2538.68,0.003,0.003,2.05E-06,0,0,0,0,25.564,250.804,0,7.55E+04
64.226,2526.195,0.003,0.003,1.99E-06,0,0,0,0,25.564,250.805,0,7.56E+04
64.726,2513.717,0.003,0.003,1.95E-06,0,0,0,0,25.564,250.806,0,7.57E+04
65.226,2501.246,0.003,0.003,1.91E-06,0,0,0,0,25.564,250.805,0,7.58E+04
65.726,2488.782,0.003,0.003,1.88E-06,0,0,0,0,25.564,250.805,0,7.59E+04
66.226,2476.324,0.003,0.003,1.85E-06,0,0,0,0,25.564,250.804,0,7.61E+04
66.726,2463.874,0.003,0.003,1.83E-06,0,0,0,0,25.564,250.803,0,7.62E+04
67.226,2451.43,0.003,0.003,1.81E-06,0,0,0,0,25.564,250.802,0,7.63E+04
67.726,2438.993,0.003,0.003,1.79E-06,0,0,0,0,25.564,250.801,0,7.64E+04
68.226,2426.563,0.003,0.003,1.78E-06,0,0,0,0,25.564,250.8,0,7.65E+04
68.726,2414.14,0.003,0.003,1.76E-06,0,0,0,0,25.564,250.799,0,7.66E+04
69.226,2401.723,0.003,0.003,1.75E-06,0,0,0,0,25.564,250.798,0,7.67E+04
69.726,2389.313,0.003,0.003,1.74E-06,0,0,0,0,25.564,250.797,0,7.69E+04
70.226,2376.91,0.003,0.003,1.73E-06,0,0,0,0,25.564,250.795,0,7.70E+04
70.726,2364.514,0.003,0.003,1.72E-06,0,0,0,0,25.564,250.794,0,7.71E+04
71.226,2352.124,0.003,0.003,1.71E-06,0,0,0,0,25.564,250.793,0,7.72E+04
71.726,2339.741,0.003,0.003,1.71E-06,0,0,0,0,25.564,250.792,0,7.73E+04
72.226,2327.364,0.003,0.003,1.70E-06,0,0,0,0,25.564,250.791,0,7.74E+04
72.726,2314.994,0.003,0.003,1.69E-06,0,0,0,0,25.564,250.79,0,7.76E+04
73.226,2302.63,0.003,0.003,1.68E-06,0,0,0,0,25.564,250.789,0,7.77E+04
73.726,2290.274,0.003,0.003,1.68E-06,0,0,0,0,25.564,250.788,0,7.78E+04
74.226,2277.923,0.003,0.003,1.67E-06,0,0,0,0,25.564,250.787,0,7.79E+04
74.726,2265.579,0.003,0.003,1.67E-06,0,0,0,0,25.564,250.786,0,7.80E+04
75.226,2253.242,0.003,0.003,1.66E-06,0,0,0,0,25.564,250.785,0,7.81E+04
75.726,2240.911,0.003,0.003,1.65E-06,0,0,0,0,25.564,250.784,0,7.82E+04
76.226,2228.587,0.003,0.003,1.65E-06,0,0,0,0,25.564,250.783,0,7.83E+04
76.726,2216.269,0.003,0.003,1.64E-06,0,0,0,0,25.564,250.782,0,7.85E+04
77.226,2203.958,0.003,0.003,1.64E-06,0,0,0,0,25.564,250.781,0,7.86E+04
77.726,2191.653,0.003,0.003,1.63E-06,0,0,0,0,25.564,250.78,0,7.87E+04
78.226,2179.354,0.003,0.003,1.62E-06,0,0,0,0,25.564,250.779,0,7.88E+04
78.726,2167.062,0.003,0.003,1.62E-06,0,0,0,0,25.564,250.778,0,7.89E+04
79.226,2154.776,0.003,0.003,1.61E-06,0,0,0,0,25.564,250.778,0,7.90E+04
79.726,2142.496,0.003,0.003,1.61E-06,0,0,0,0,25.564,250.777,0,7.91E+04
80.226,2130.223,0.003,0.003,1.60E-06,0,0,0,0,25.564,250.776,0,7.93E+04
80.726,2117.956,0.003,0.003,1.60E-06,0,0,0,0,25.564,250.775,0,7.94E+04
81.226,2105.695,0.003,0.003,1.59E-06,0,0,0,0,25.564,250.774,0,7.95E+04
81.726,2093.44,0.003,0.003,1.59E-06,0,0,0,0,25.564,250.773,0,7.96E+04
82.226,2081.192,0.003,0.003,1.59E-06,0,0,0,0,25.564,250.78,0,7.97E+04
82.726,2068.95,0.003,0.003,1.60E-06,0,0,0,0,25.564,250.791,0,7.98E+04
83.226,2056.715,0.003,0.003,1.61E-06,0,0,0,0,25.564,250.798,0,8.00E+04
83.726,2044.486,0.003,0.003,1.61E-06,0,0,0,0,25.564,250.801,0,8.01E+04
84.226,2032.264,0.003,0.003,1.62E-06,0,0,0,0,25.564,250.803,0,8.02E+04
84.726,2020.048,0.003,0.003,1.62E-06,0,0,0,0,25.564,250.804,0,8.03E+04
85.226,2007.838,0.003,0.003,1.62E-06,0,0,0,0,25.564,250.804,0,8.04E+04
85.726,1995.635,0.003,0.003,1.62E-06,0,0,0,0,25.564,250.803,0,8.05E+04
86.226,1983.439,0.003,0.003,1.62E-06,0,0,0,0,25.564,250.803,0,8.07E+04
86.726,1971.249,0.003,0.003,1.61E-06,0,0,0,0,25.564,250.802,0,8.08E+04
87.226,1959.065,0.003,0.003,1.61E-06,0,0,0,0,25.564,250.801,0,8.09E+04
87.726,1946.888,0.003,0.003,1.61E-06,0,0,0,0,25.564,250.8,0,8.10E+04
88.226,1934.717,0.003,0.003,1.60E-06,0,0,0,0,25.564,250.799,0,8.11E+04
88.726,1922.553,0.003,0.003,1.60E-06,0,0,0,0,25.564,250.798,0,8.12E+04
89.226,1910.395,0.003,0.003,1.59E-06,0,0,0,0,25.564,250.797,0,8.14E+04
89.726,1898.243,0.003,0.003,1.59E-06,0,0,0,0,25.564,250.797,0,8.15E+04
90.226,1886.097,0.003,0.003,1.58E-06,0,0,0,0,25.564,250.796,0,8.16E+04
90.726,1873.958,0.003,0.003,1.58E-06,0,0,0,0,25.564,250.795,0,8.17E+04
91.226,1861.826,0.003,0.003,1.57E-06,0,0,0,0,25.564,250.794,0,8.18E+04
91.726,1849.699,0.003,0.003,1.57E-06,0,0,0,0,25.564,250.793,0,8.20E+04
92.226,1837.579,0.003,0.003,1.56E-06,0,0,0,0,25.564,250.792,0,8.21E+04
92.726,1825.465,0.003,0.003,1.56E-06,0,0,0,0,25.564,250.791,0,8.22E+04
93.226,1813.357,0.003,0.003,1.55E-06,0,0,0,0,25.564,250.79,0,8.23E+04
93.726,1801.255,0.003,0.003,1.55E-06,0,0,0,0,25.564,250.789,0,8.24E+04
94.226,1789.16,0.003,0.003,1.54E-06,0,0,0,0,25.564,250.789,0,8.25E+04
94.726,1777.07,0.003,0.003,1.54E-06,0,0,0,0,25.564,250.788,0,8.27E+04
95.226,1764.987,0.003,0.003,1.53E-06,0,0,0,0,25.564,250.787,0,8.28E+04
95.726,1752.91,0.002,0.002,1.53E-06,0,0,0,0,25.564,250.786,0,8.29E+04
96.226,1740.839,0.002,0.002,1.52E-06,0,0,0,0,25.564,250.785,0,8.30E+04
96.726,1728.774,0.002,0.002,1.52E-06,0,0,0,0,25.564,250.784,0,8.31E+04
97.226,1716.716,0.002,0.002,1.51E-06,0,0,0,0,25.564,250.784,0,8.32E+04
97.726,1704.663,0.002,0.002,1.51E-06,0,0,0,0,25.564,250.783,0,8.34E+04
98.226,1692.616,0.002,0.002,1.50E-06,0,0,0,0,25.564,250.782,0,8.35E+04
98.726,1680.576,0.002,0.002,1.50E-06,0,0,0,0,25.564,250.781,0,8.36E+04
99.226,1668.541,0.002,0.002,1.49E-06,0,0,0,0,25.564,250.78,0,8.37E+04
99.726,1656.512,0.002,0.002,1.49E-06,0,0,0,0,25.564,250.78,0,8.38E+04
100.226,1644.49,0.002,0.002,1.48E-06,0,0,0,0,25.564,250.779,0,8.39E+04
100.726,1632.473,0.002,0.002,1.48E-06,0,0,0,0,25.564,250.778,0,8.40E+04
101.226,1620.462,0.002,0.002,1.47E-06,0,0,0,0,25.564,250.777,0,8.42E+04
101.726,1608.457,0.002,0.002,1.47E-06,0,0,0,0,25.564,250.777,0,8.43E+04
102.226,1596.458,0.002,0.002,1.46E-06,0,0,0,0,25.564,250.776,0,8.44E+04
102.726,1584.465,0.002,0.002,1.46E-06,0,0,0,0,25.564,250.779,0,8.45E+04
103.226,1572.478,0.002,0.002,1.47E-06,0,0,0,0,25.564,250.791,0,8.46E+04
103.726,1560.497,0.002,0.002,1.48E-06,0,0,0,0,25.564,250.798,0,8.48E+04
104.226,1548.522,0.002,0.002,1.49E-06,0,0,0,0,25.564,250.802,0,8.49E+04
104.726,1536.553,0.002,0.002,1.49E-06,0,0,0,0,25.564,250.804,0,8.50E+04
105.226,1524.591,0.002,0.002,1.49E-06,0,0,0,0,25.564,250.805,0,8.51E+04
105.726,1512.634,0.002,0.002,1.49E-06,0,0,0,0,25.564,250.805,0,8.52E+04
106.226,1500.684,0.002,0.002,1.49E-06,0,0,0,0,25.564,250.805,0,8.54E+04
106.726,1488.74,0.002,0.002,1.49E-06,0,0,0,0,25.564,250.804,0,8.55E+04
107.226,1476.801,0.002,0.002,1.49E-06,0,0,0,0,25.564,250.804,0,8.56E+04
107.726,1464.869,0.002,0.002,1.49E-06,0,0,0,0,25.564,250.803,0,8.57E+04
108.226,1452.943,0.002,0.002,1.48E-06,0,0,0,0,25.564,250.802,0,8.58E+04
108.726,1441.023,0.002,0.002,1.48E-06,0,0,0,0,25.564,250.802,0,8.60E+04
109.226,1429.109,0.002,0.002,1.48E-06,0,0,0,0,25.564,250.801,0,8.61E+04
109.726,1417.201,0.002,0.002,1.47E-06,0,0,0,0,25.564,250.8,0,8.62E+04
110.226,1405.299,0.002,0.002,1.47E-06,0,0,0,0,25.564,250.799,0,8.63E+04
110.726,1393.403,0.002,0.002,1.46E-06,0,0,0,0,25.564,250.798,0,8.64E+04
111.226,1381.513,0.002,0.002,1.46E-06,0,0,0,0,25.564,250.798,0,8.66E+04
111.726,1369.628,0.002,0.002,1.46E-06,0,0,0,0,25.564,250.797,0,8.67E+04
112.226,1357.75,0.002,0.002,1.45E-06,0,0,0,0,25.564,250.796,0,8.68E+04
112.726,1345.878,0.002,0.002,1.45E-06,0,0,0,0,25.564,250.795,0,8.69E+04
113.226,1334.011,0.002,0.002,1.44E-06,0,0,0,0,25.564,250.795,0,8.70E+04
113.726,1322.151,0.002,0.002,1.44E-06,0,0,0,0,25.564,250.794,0,8.72E+04
114.226,1310.296,0.002,0.002,1.43E-06,0,0,0,0,25.564,250.793,0,8.73E+04
114.726,1298.447,0.002,0.002,1.43E-06,0,0,0,0,25.564,250.793,0,8.74E+04
115.226,1286.604,0.002,0.002,1.42E-06,0,0,0,0,25.564,250.792,0,8.75E+04
115.726,1274.767,0.002,0.002,1.42E-06,0,0,0,0,25.564,250.791,0,8.76E+04
116.226,1262.935,0.002,0.002,1.41E-06,0,0,0,0,25.564,250.79,0,8.77E+04
116.726,1251.109,0.002,0.002,1.41E-06,0,0,0,0,25.564,250.79,0,8.79E+04
117.226,1239.289,0.002,0.002,1.41E-06,0,0,0,0,25.564,250.789,0,8.80E+04
117.726,1227.475,0.002,0.002,1.40E-06,0,0,0,0,25.564,250.788,0,8.81E+04
118.226,1215.667,0.002,0.002,1.40E-06,0,0,0,0,25.564,250.788,0,8.82E+04
118.726,1203.864,0.002,0.002,1.39E-06,0,0,0,0,25.564,250.787,0,8.83E+04
119.226,1192.067,0.002,0.002,1.39E-06,0,0,0,0,25.564,250.786,0,8.85E+04
119.726,1180.275,0.002,0.002,1.38E-06,0,0,0,0,25.564,250.786,0,8.86E+04
120.226,1168.49,0.002,0.002,1.38E-06,0,0,0,0,25.564,250.785,0,8.87E+04
120.726,1156.71,0.002,0.002,1.37E-06,0,0,0,0,25.564,250.784,0,8.88E+04
121.226,1144.935,0.002,0.002,1.37E-06,0,0,0,0,25.564,250.784,0,8.89E+04
121.726,1133.166,0.002,0.002,1.37E-06,0,0,0,0,25.564,250.783,0,8.91E+04
122.226,1121.403,0.002,0.002,1.36E-06,0,0,0,0,25.564,250.783,0,8.92E+04
122.726,1109.646,0.002,0.002,1.36E-06,0,0,0,0,25.564,250.782,0,8.93E+04
123.226,1097.894,0.002,0.002,1.35E-06,0,0,0,0,25.564,250.781,0,8.94E+04
123.726,1086.147,0.002,0.002,1.35E-06,0,0,0,0,25.564,250.783,0,8.95E+04
124.226,1074.406,0.002,0.002,1.36E-06,0,0,0,0,25.564,250.795,0,8.97E+04
124.726,1062.671,0.002,0.002,1.37E-06,0,0,0,0,25.564,250.802,0,8.98E+04
125.226,1050.942,0.002,0.002,1.38E-06,0,0,0,0,25.564,250.806,0,8.99E+04
125.726,1039.218,0.002,0.002,1.38E-06,0,0,0,0,25.564,250.808,0,9.00E+04
126.226,1027.5,0.002,0.002,1.38E-06,0,0,0,0,25.564,250.809,0,9.01E+04
126.726,1015.788,0.002,0.002,1.38E-06,0,0,0,0,25.564,250.809,0,9.03E+04
127.226,1004.082,0.002,0.002,1.38E-06,0,0,0,0,25.564,250.809,0,9.04E+04
127.726,992.382,0.002,0.002,1.38E-06,0,0,0,0,25.564,250.809,0,9.05E+04
128.226,980.687,0.002,0.002,1.38E-06,0,0,0,0,25.564,250.808,0,9.06E+04
128.726,968.998,0.002,0.002,1.38E-06,0,0,0,0,25.564,250.807,0,9.08E+04
129.226,957.314,0.002,0.002,1.37E-06,0,0,0,0,25.564,250.807,0,9.09E+04
129.726,945.637,0.002,0.002,1.37E-06,0,0,0,0,25.564,250.806,0,9.10E+04
130.226,933.965,0.002,0.002,1.37E-06,0,0,0,0,25.564,250.806,0,9.11E+04
130.726,922.299,0.002,0.002,1.36E-06,0,0,0,0,25.564,250.805,0,9.12E+04
131.226,910.638,0.002,0.002,1.36E-06,0,0,0,0,25.564,250.804,0,9.14E+04
131.726,898.983,0.002,0.002,1.35E-06,0,0,0,0,25.564,250.804,0,9.15E+04
132.226,887.334,0.002,0.002,1.35E-06,0,0,0,0,25.564,250.803,0,9.16E+04
132.726,875.69,0.002,0.002,1.35E-06,0,0,0,0,25.564,250.802,0,9.17E+04
133.226,864.052,0.002,0.002,1.34E-06,0,0,0,0,25.564,250.802,0,9.19E+04
133.726,852.42,0.002,0.002,1.34E-06,0,0,0,0,25.564,250.801,0,9.20E+04
134.226,840.793,0.002,0.002,1.33E-06,0,0,0,0,25.564,250.801,0,9.21E+04
134.726,829.171,0.002,0.002,1.33E-06,0,0,0,0,25.564,250.8,0,9.22E+04
135.226,817.555,0.002,0.002,1.33E-06,0,0,0,0,25.564,250.799,0,9.23E+04
135.726,805.945,0.002,0.002,1.32E-06,0,0,0,0,25.564,250.799,0,9.25E+04
136.226,794.34,0.002,0.002,1.32E-06,0,0,0,0,25.564,250.798,0,9.26E+04
136.726,782.741,0.002,0.002,1.31E-06,0,0,0,0,25.564,250.798,0,9.27E+04
137.226,771.147,0.002,0.002,1.31E-06,0,0,0,0,25.564,250.797,0,9.28E+04
137.726,759.558,0.002,0.002,1.31E-06,0,0,0,0,25.564,250.796,0,9.30E+04
138.226,747.976,0.002,0.002,1.30E-06,0,0,0,0,25.564,250.796,0,9.31E+04
138.726,736.398,0.002,0.002,1.30E-06,0,0,0,0,25.564,250.795,0,9.32E+04
139.226,724.826,0.002,0.002,1.29E-06,0,0,0,0,25.564,250.795,0,9.33E+04
139.726,713.259,0.002,0.002,1.29E-06,0,0,0,0,25.564,250.794,0,9.34E+04
140.226,701.698,0.002,0.002,1.29E-06,0,0,0,0,25.564,250.794,0,9.36E+04
140.726,690.142,0.002,0.002,1.28E-06,0,0,0,0,25.564,250.793,0,9.37E+04
141.226,678.591,0.002,0.002,1.28E-06,0,0,0,0,25.564,250.793,0,9.38E+04
141.726,667.046,0.002,0.002,1.27E-06,0,0,0,0,25.564,250.792,0,9.39E+04
142.226,655.506,0.002,0.002,1.27E-06,0,0,0,0,25.564,250.792,0,9.40E+04
142.726,643.972,0.002,0.002,1.27E-06,0,0,0,0,25.564,250.791,0,9.42E+04
143.226,632.442,0.002,0.002,1.26E-06,0,0,0,0,25.564,250.791,0,9.43E+04
143.726,620.918,0.002,0.002,1.26E-06,0,0,0,0,25.564,250.79,0,9.44E+04
144.226,609.4,0.002,0.002,1.25E-06,0,0,0,0,25.564,250.79,0,9.45E+04
144.726,597.886,0.002,0.002,1.25E-06,0,0,0,0,25.564,250.789,0,9.47E+04
145.226,586.378,0.002,0.002,1.25E-06,0,0,0,0,25.564,250.791,0,9.48E+04
145.726,574.875,0.002,0.002,1.26E-06,0,0,0,0,25.564,250.803,0,9.49E+04
146.226,563.378,0.002,0.002,1.27E-06,0,0,0,0,25.564,250.809,0,9.50E+04
146.726,551.886,0.002,0.002,1.27E-06,0,0,0,0,25.564,250.813,0,9.51E+04
147.226,540.4,0.002,0.002,1.28E-06,0,0,0,0,25.564,250.815,0,9.53E+04
147.726,528.918,0.002,0.002,1.28E-06,0,0,0,0,25.564,250.815,0,9.54E+04
148.226,517.443,0.002,0.002,1.28E-06,0,0,0,0,25.564,250.816,0,9.55E+04
148.726,505.973,0.002,0.002,1.28E-06,0,0,0,0,25.564,250.815,0,9.57E+04
149.226,494.508,0.002,0.002,1.28E-06,0,0,0,0,25.564,250.815,0,9.58E+04
149.726,483.049,0.002,0.002,1.28E-06,0,0,0,0,25.564,250.815,0,9.59E+04
150.226,471.595,0.002,0.002,1.27E-06,0,0,0,0,25.564,250.814,0,9.60E+04
150.726,460.146,0.002,0.002,1.27E-06,0,0,0,0,25.564,250.814,0,9.62E+04
151.226,448.703,0.002,0.002,1.27E-06,0,0,0,0,25.564,250.813,0,9.63E+04
151.726,437.266,0.002,0.002,1.26E-06,0,0,0,0,25.564,250.813,0,9.64E+04
151.729,437.203,18.526,18.526,0.005,0,0,0,0,25.564,4894.505,0,9.65E+04
151.73,437.181,17.681,17.681,0.005,0,0,0,0,25.564,4682.83,0,9.65E+04
151.731,437.159,17.393,17.393,0.005,0,0,0,0,25.564,4610.525,0,9.65E+04
151.732,437.137,17.111,17.111,0.005,0,0,0,0,25.564,4539.948,0,9.65E+04
151.733,437.115,16.836,16.836,0.005,0,0,0,0,25.564,4471.045,0,9.65E+04
151.734,437.094,16.568,16.568,0.005,0,0,0,0,25.564,4403.763,0,9.65E+04
151.735,437.072,16.306,16.306,0.005,0,0,0,0,25.564,4338.052,0,9.65E+04
151.736,437.051,16.05,16.05,0.005,0,0,0,0,25.564,4273.862,0,9.65E+04
151.737,437.03,15.8,15.8,0.005,0,0,0,0,25.564,4211.147,0,9.65E+04
151.738,437.009,15.555,15.555,0.004,0,0,0,0,25.564,4149.863,0,9.65E+04
151.739,436.988,15.316,15.316,0.004,0,0,0,0,25.564,4089.965,0,9.65E+04
151.74,436.967,15.083,15.083,0.004,0,0,0,0,25.564,4031.413,0,9.65E+04
151.741,436.947,14.854,14.854,0.004,0,0,0,0,25.564,3974.167,0,9.65E+04
151.742,436.926,14.631,14.631,0.004,0,0,0,0,25.564,3918.187,0,9.65E+04
151.743,436.906,14.413,14.413,0.004,0,0,0,0,25.564,3863.437,0,9.65E+04
151.744,436.886,14.199,14.199,0.004,0,0,0,0,25.564,3809.88,0,9.65E+04
151.745,436.866,13.99,13.99,0.004,0,0,0,0,25.564,3757.483,0,9.65E+04
151.746,436.846,13.785,13.785,0.004,0,0,0,0,25.564,3706.212,0,9.65E+04
151.747,436.827,13.585,13.585,0.004,0,0,0,0,25.564,3656.035,0,9.65E+04
151.748,436.807,13.389,13.389,0.004,0,0,0,0,25.564,3606.921,0,9.65E+04
151.749,436.788,13.198,13.198,0.004,0,0,0,0,25.564,3558.841,0,9.65E+04
151.75,436.768,13.01,13.01,0.004,0,0,0,0,25.564,3511.764,0,9.65E+04
151.751,436.749,12.826,12.826,0.004,0,0,0,0,25.564,3465.665,0,9.65E+04
151.752,436.73,12.646,12.646,0.004,0,0,0,0,25.564,3420.515,0,9.65E+04
151.753,436.711,12.469,12.469,0.004,0,0,0,0,25.564,3376.289,0,9.65E+04
151.754,436.692,12.297,12.297,0.004,0,0,0,0,25.564,3332.961,0,9.65E+04
151.755,436.674,12.127,12.127,0.004,0,0,0,0,25.564,3290.508,0,9.65E+04
151.756,436.655,11.961,11.961,0.003,0,0,0,0,25.564,3248.906,0,9.65E+04
151.757,436.637,11.799,11.799,0.003,0,0,0,0,25.564,3208.133,0,9.65E+04
151.758,436.618,11.639,11.639,0.003,0,0,0,0,25.564,3168.166,0,9.65E+04
151.759,436.6,11.483,11.483,0.003,0,0,0,0,25.564,3128.985,0,9.65E+04
151.76,436.582,11.33,11.33,0.003,0,0,0,0,25.564,3090.569,0,9.65E+04
151.761,436.564,11.179,11.179,0.003,0,0,0,0,25.564,3052.898,0,9.65E+04
151.762,436.546,11.032,11.032,0.003,0,0,0,0,25.564,3015.953,0,9.65E+04
151.763,436.528,10.888,10.888,0.003,0,0,0,0,25.564,2979.715,0,9.65E+04
151.764,436.51,10.746,10.746,0.003,0,0,0,0,25.564,2944.167,0,9.65E+04
151.765,436.493,10.607,10.607,0.003,0,0,0,0,25.564,2909.291,0,9.65E+04
151.766,436.475,10.47,10.47,0.003,0,0,0,0,25.564,2875.07,0,9.65E+04
151.767,436.458,10.336,10.336,0.003,0,0,0,0,25.564,2841.489,0,9.65E+04
151.768,436.441,10.205,10.205,0.003,0,0,0,0,25.564,2808.53,0,9.65E+04
151.769,436.424,10.076,10.076,0.003,0,0,0,0,25.564,2776.179,0,9.65E+04
151.77,436.406,9.949,9.949,0.003,0,0,0,0,25.564,2744.422,0,9.65E+04
151.771,436.39,9.825,9.825,0.003,0,0,0,0,25.564,2713.242,0,9.65E+04
151.772,436.373,9.702,9.703,0.003,0,0,0,0,25.564,2682.628,0,9.65E+04
151.773,436.356,9.583,9.583,0.003,0,0,0,0,25.564,2652.564,0,9.65E+04
151.774,436.339,9.465,9.465,0.003,0,0,0,0,25.564,2623.038,0,9.65E+04
151.775,436.323,9.349,9.349,0.003,0,0,0,0,25.564,2594.037,0,9.65E+04
151.776,436.306,9.235,9.235,0.003,0,0,0,0,25.564,2565.549,0,9.65E+04
151.777,436.29,9.124,9.124,0.003,0,0,0,0,25.564,2537.562,0,9.65E+04
151.778,436.273,9.014,9.014,0.003,0,0,0,0,25.564,2510.063,0,9.65E+04
151.779,436.257,8.906,8.906,0.003,0,0,0,0,25.564,2483.043,0,9.65E+04
151.78,436.241,8.8,8.8,0.003,0,0,0,0,25.564,2456.489,0,9.65E+04
151.781,436.225,8.696,8.696,0.003,0,0,0,0,25.564,2430.391,0,9.65E+04
151.782,436.209,8.594,8.594,0.003,0,0,0,0,25.564,2404.738,0,9.65E+04
151.783,436.193,8.493,8.493,0.003,0,0,0,0,25.564,2379.522,0,9.65E+04
151.784,436.176,8.393,8.393,0.002,0,0,0,0,25.564,2354.39,0,9.65E+04
151.785,436.16,8.293,8.293,0.002,0,0,0,0,25.564,2329.263,0,9.65E+04
151.786,436.143,8.193,8.193,0.002,0,0,0,0,25.564,2304.14,0,9.65E+04
151.787,436.126,8.093,8.093,0.002,0,0,0,0,25.564,2279.023,0,9.65E+04
151.788,436.109,7.992,7.992,0.002,0,0,0,0,25.564,2253.91,0,9.65E+04
151.789,436.092,7.892,7.892,0.002,0,0,0,0,25.564,2228.803,0,9.65E+04
151.79,436.074,7.792,7.792,0.002,0,0,0,0,25.564,2203.702,0,9.65E+04
151.791,436.057,7.692,7.692,0.002,0,0,0,0,25.564,2178.606,0,9.65E+04
151.793,436.038,7.592,7.592,0.002,0,0,0,0,25.564,2153.515,0,9.65E+04
151.794,436.02,7.492,7.492,0.002,0,0,0,0,25.564,2128.431,0,9.65E+04
151.795,436.002,7.392,7.392,0.002,0,0,0,0,25.564,2103.352,0,9.65E+04
151.796,435.983,7.292,7.292,0.002,0,0,0,0,25.564,2078.279,0,9.65E+04
151.798,435.964,7.192,7.192,0.002,0,0,0,0,25.564,2053.213,0,9.65E+04
151.799,435.945,7.092,7.092,0.002,0,0,0,0,25.564,2028.153,0,9.65E+04
151.8,435.925,6.992,6.992,0.002,0,0,0,0,25.564,2003.1,0,9.65E+04
151.802,435.906,6.892,6.892,0.002,0,0,0,0,25.564,1978.054,0,9.65E+04
151.803,435.885,6.792,6.792,0.002,0,0,0,0,25.564,1953.014,0,9.65E+04
151.804,435.865,6.692,6.692,0.002,0,0,0,0,25.564,1927.982,0,9.65E+04
151.806,435.844,6.592,6.592,0.002,0,0,0,0,25.564,1902.957,0,9.65E+04
151.807,435.823,6.493,6.493,0.002,0,0,0,0,25.564,1877.94,0,9.65E+04
151.809,435.802,6.393,6.393,0.002,0,0,0,0,25.564,1852.93,0,9.65E+04
151.81,435.78,6.293,6.293,0.002,0,0,0,0,25.564,1827.929,0,9.65E+04
151.812,435.758,6.193,6.193,0.002,0,0,0,0,25.564,1802.935,0,9.65E+04
151.814,435.736,6.094,6.094,0.002,0,0,0,0,25.564,1777.95,0,9.65E+04
151.815,435.713,5.994,5.994,0.002,0,0,0,0,25.564,1752.974,0,9.65E+04
151.817,435.69,5.895,5.895,0.002,0,0,0,0,25.564,1728.007,0,9.65E+04
151.819,435.667,5.795,5.795,0.002,0,0,0,0,25.564,1703.048,0,9.65E+04
151.821,435.643,5.696,5.696,0.002,0,0,0,0,25.564,1678.1,0,9.65E+04
151.822,435.619,5.596,5.596,0.002,0,0,0,0,25.564,1653.161,0,9.65E+04
151.824,435.594,5.497,5.497,0.002,0,0,0,0,25.564,1628.233,0,9.65E+04
151.826,435.569,5.397,5.397,0.002,0,0,0,0,25.564,1603.315,0,9.65E+04
151.828,435.543,5.298,5.298,0.002,0,0,0,0,25.564,1578.407,0,9.65E+04
151.83,435.517,5.199,5.199,0.002,0,0,0,0,25.564,1553.511,0,9.65E+04
151.832,435.491,5.099,5.099,0.002,0,0,0,0,25.564,1528.627,0,9.65E+04
151.834,435.464,5,5,0.002,0,0,0,0,25.564,1503.755,0,9.65E+04
151.837,435.436,4.901,4.901,0.002,0,0,0,0,25.564,1478.895,0,9.65E+04
151.839,435.408,4.802,4.802,0.001,0,0,0,0,25.564,1454.048,0,9.65E+04
151.841,435.379,4.703,4.703,0.001,0,0,0,0,25.564,1429.214,0,9.65E+04
151.844,435.35,4.604,4.604,0.001,0,0,0,0,25.564,1404.394,0,9.65E+04
151.846,435.32,4.505,4.505,0.001,0,0,0,0,25.564,1379.589,0,9.65E+04
151.849,435.289,4.406,4.406,0.001,0,0,0,0,25.564,1354.798,0,9.65E+04
151.851,435.258,4.307,4.307,0.001,0,0,0,0,25.564,1330.023,0,9.65E+04
151.854,435.226,4.208,4.208,0.001,0,0,0,0,25.564,1305.265,0,9.65E+04
151.857,435.193,4.11,4.11,0.001,0,0,0,0,25.564,1280.523,0,9.65E+04
151.86,435.159,4.011,4.011,0.001,0,0,0,0,25.564,1255.799,0,9.66E+04
151.863,435.125,3.912,3.912,0.001,0,0,0,0,25.564,1231.093,0,9.66E+04
151.866,435.09,3.814,3.814,0.001,0,0,0,0,25.564,1206.406,0,9.66E+04
151.869,435.054,3.716,3.716,0.001,0,0,0,0,25.564,1181.739,0,9.66E+04
151.872,435.017,3.617,3.617,0.001,0,0,0,0,25.564,1157.093,0,9.66E+04
151.876,434.978,3.519,3.519,0.001,0,0,0,0,25.564,1132.47,0,9.66E+04
151.88,434.939,3.421,3.421,0.001,0,0,0,0,25.564,1107.869,0,9.66E+04
151.883,434.899,3.323,3.323,0.001,0,0,0,0,25.564,1083.292,0,9.66E+04
151.887,434.858,3.225,3.225,0.001,0,0,0,0,25.564,1058.741,0,9.66E+04
151.891,434.815,3.127,3.127,0.001,0,0,0,0,25.564,1034.217,0,9.66E+04
151.896,434.771,3.029,3.029,9.76E-04,0,0,0,0,25.564,1009.72,0,9.66E+04
151.9,434.726,2.932,2.932,9.48E-04,0,0,0,0,25.564,985.254,0,9.66E+04
151.905,434.679,2.834,2.834,9.21E-04,0,0,0,0,25.564,960.819,0,9.66E+04
151.91,434.63,2.737,2.737,8.93E-04,0,0,0,0,25.564,936.417,0,9.66E+04
151.915,434.58,2.64,2.64,8.66E-04,0,0,0,0,25.564,912.051,0,9.66E+04
151.92,434.528,2.543,2.543,8.38E-04,0,0,0,0,25.564,887.722,0,9.66E+04
151.926,434.474,2.446,2.446,8.11E-04,0,0,0,0,25.564,863.433,0,9.66E+04
151.932,434.418,2.349,2.349,7.84E-04,0,0,0,0,25.564,839.186,0,9.66E+04
151.938,434.359,2.253,2.253,7.56E-04,0,0,0,0,25.564,814.985,0,9.66E+04
151.945,434.298,2.156,2.156,7.29E-04,0,0,0,0,25.564,790.833,0,9.66E+04
151.952,434.235,2.06,2.06,7.02E-04,0,0,0,0,25.564,766.733,0,9.66E+04
151.959,434.168,1.964,1.964,6.74E-04,0,0,0,0,25.564,742.689,0,9.66E+04
151.967,434.099,1.869,1.869,6.47E-04,0,0,0,0,25.564,718.707,0,9.66E+04
151.976,434.025,1.773,1.773,6.20E-04,0,0,0,0,25.564,694.79,0,9.66E+04
151.985,433.948,1.678,1.678,5.93E-04,0,0,0,0,25.564,670.945,0,9.66E+04
151.995,433.867,1.583,1.583,5.65E-04,0,0,0,0,25.564,647.178,0,9.66E+04
152.006,433.78,1.489,1.489,5.38E-04,0,0,0,0,25.564,623.497,0,9.66E+04
152.017,433.689,1.395,1.395,5.11E-04,0,0,0,0,25.564,599.91,0,9.66E+04
152.03,433.591,1.301,1.301,4.84E-04,0,0,0,0,25.564,576.427,0,9.66E+04
152.044,433.486,1.208,1.208,4.57E-04,0,0,0,0,25.564,553.06,0,9.66E+04
152.059,433.373,1.115,1.115,4.30E-04,0,0,0,0,25.564,529.822,0,9.66E+04
152.076,433.251,1.023,1.023,4.03E-04,0,0,0,0,25.564,506.731,0,9.66E+04
152.094,433.118,0.932,0.932,3.76E-04,0,0,0,0,25.564,483.806,0,9.66E+04
152.115,432.972,0.841,0.841,3.49E-04,0,0,0,0,25.564,461.07,0,9.66E+04
152.139,432.811,0.751,0.751,3.22E-04,0,0,0,0,25.564,438.555,0,9.66E+04
152.167,432.63,0.662,0.662,2.95E-04,0,0,0,0,25.564,416.297,0,9.66E+04
152.199,432.426,0.575,0.575,2.68E-04,0,0,0,0,25.564,394.346,0,9.66E+04
152.237,432.19,0.489,0.489,2.40E-04,0,0,0,0,25.564,372.767,0,9.66E+04
152.282,431.914,0.404,0.404,2.13E-04,0,0,0,0,25.564,351.646,0,9.66E+04
152.339,431.579,0.322,0.322,1.86E-04,0,0,0,0,25.564,331.108,0,9.66E+04
152.413,431.161,0.244,0.244,1.58E-04,0,0,0,0,25.564,311.335,0,9.66E+04
152.514,430.606,0.169,0.169,1.29E-04,0,0,0,0,25.564,292.613,0,9.66E+04
152.664,429.805,0.1,0.1,9.93E-05,0,0,0,0,25.564,275.425,0,9.66E+04
152.923,428.449,0.042,0.042,6.79E-05,0,0,0,0,25.564,260.676,0,9.66E+04
153.423,425.864,3.91E-04,3.92E-04,3.32E-05,0,0,0,0,25.564,250.363,0,9.66E+04
153.923,423.28,-1.39E-04,1.39E-04,1.77E-06,0,0,0,0,25.564,250.231,0,9.67E+04
154.423,420.696,3.34E-04,3.34E-04,1.08E-07,0,0,0,0,25.564,250.35,0,9.67E+04
154.923,418.112,-8.92E-05,8.92E-05,1.93E-08,0,0,0,0,25.564,250.244,0,9.67E+04
155.423,415.528,2.90E-04,2.90E-04,1.50E-08,0,0,0,0,25.564,250.339,0,9.67E+04
155.923,412.944,-4.94E-05,4.94E-05,1.44E-08,0,0,0,0,25.564,250.254,0,9.68E+04
156.423,410.361,2.54E-04,2.54E-04,1.46E-08,0,0,0,0,25.564,250.33,0,9.68E+04
156.923,407.778,-1.77E-05,1.77E-05,1.43E-08,0,0,0,0,25.564,250.262,0,9.68E+04
157.423,405.196,2.25E-04,2.25E-04,1.45E-08,0,0,0,0,25.564,250.324,0,9.68E+04
157.923,402.613,7.56E-06,7.56E-06,1.43E-08,0,0,0,0,25.564,250.269,0,9.69E+04
158.423,400.031,2.02E-04,2.02E-04,1.45E-08,0,0,0,0,25.564,250.318,0,9.69E+04
158.923,397.449,2.77E-05,2.77E-05,1.43E-08,0,0,0,0,25.564,250.275,0,9.69E+04
159.423,394.868,1.84E-04,1.84E-04,1.44E-08,0,0,0,0,25.564,250.314,0,9.70E+04
159.923,392.287,4.38E-05,4.38E-05,1.43E-08,0,0,0,0,25.564,250.279,0,9.70E+04
160.423,389.706,1.69E-04,1.69E-04,1.44E-08,0,0,0,0,25.564,250.311,0,9.70E+04
160.923,387.125,5.67E-05,5.67E-05,1.43E-08,0,0,0,0,25.564,250.283,0,9.70E+04
161.423,384.544,1.58E-04,1.58E-04,1.43E-08,0,0,0,0,25.564,250.308,0,9.71E+04
161.923,381.964,6.70E-05,6.70E-05,1.42E-08,0,0,0,0,25.564,250.286,0,9.71E+04
162.423,379.384,1.48E-04,1.48E-04,1.43E-08,0,0,0,0,25.564,250.306,0,9.71E+04
162.923,376.805,7.52E-05,7.52E-05,1.42E-08,0,0,0,0,25.564,250.288,0,9.72E+04
163.423,374.225,1.41E-04,1.41E-04,1.43E-08,0,0,0,0,25.564,250.305,0,9.72E+04
163.923,371.646,8.17E-05,8.17E-05,1.42E-08,0,0,0,0,25.564,250.29,0,9.72E+04
164.423,369.067,1.35E-04,1.35E-04,1.43E-08,0,0,0,0,25.564,250.304,0,9.72E+04
164.923,366.489,8.70E-05,8.70E-05,1.42E-08,0,0,0,0,25.564,250.292,0,9.73E+04
165.423,363.91,1.30E-04,1.30E-04,1.42E-08,0,0,0,0,25.564,250.303,0,9.73E+04
165.923,361.332,9.12E-05,9.12E-05,1.42E-08,0,0,0,0,25.564,250.293,0,9.73E+04
166.423,358.754,1.26E-04,1.26E-04,1.42E-08,0,0,0,0,25.564,250.302,0,9.74E+04
166.923,356.177,9.45E-05,9.45E-05,1.42E-08,0,0,0,0,25.564,250.295,0,9.74E+04
167.423,353.6,1.22E-04,1.22E-04,1.42E-08,0,0,0,0,25.564,250.302,0,9.74E+04
167.923,351.023,9.72E-05,9.72E-05,1.42E-08,0,0,0,0,25.564,250.296,0,9.74E+04
168.423,348.446,1.20E-04,1.20E-04,1.42E-08,0,0,0,0,25.564,250.302,0,9.75E+04
168.923,345.869,9.93E-05,9.93E-05,1.41E-08,0,0,0,0,25.564,250.297,0,9.75E+04
169.423,343.293,1.18E-04,1.18E-04,1.41E-08,0,0,0,0,25.564,250.301,0,9.75E+04
169.923,340.717,1.01E-04,1.01E-04,1.41E-08,0,0,0,0,25.564,250.297,0,9.76E+04
170.423,338.142,1.16E-04,1.16E-04,1.41E-08,0,0,0,0,25.564,250.301,0,9.76E+04
170.923,335.566,1.02E-04,1.02E-04,1.41E-08,0,0,0,0,25.564,250.298,0,9.76E+04
171.423,332.991,1.14E-04,1.14E-04,1.41E-08,0,0,0,0,25.564,250.301,0,9.76E+04
171.923,330.416,1.03E-04,1.03E-04,1.41E-08,0,0,0,0,25.564,250.299,0,9.77E+04
172.423,327.842,1.13E-04,1.13E-04,1.41E-08,0,0,0,0,25.564,250.301,0,9.77E+04
172.923,325.267,1.04E-04,1.04E-04,1.41E-08,0,0,0,0,25.564,250.299,0,9.77E+04
173.423,322.693,1.12E-04,1.12E-04,1.41E-08,0,0,0,0,25.564,250.302,0,9.78E+04
173.923,320.12,1.05E-04,1.05E-04,1.40E-08,0,0,0,0,25.564,250.3,0,9.78E+04
174.423,317.546,1.11E-04,1.11E-04,1.40E-08,0,0,0,0,25.564,250.302,0,9.78E+04
174.923,314.973,1.05E-04,1.05E-04,1.40E-08,0,0,0,0,25.564,250.301,0,9.78E+04
175.423,312.4,1.11E-04,1.11E-04,1.40E-08,0,0,0,0,25.564,250.302,0,9.79E+04
175.923,309.827,1.06E-04,1.06E-04,1.40E-08,0,0,0,0,25.564,250.301,0,9.79E+04
176.423,307.255,1.10E-04,1.10E-04,1.40E-08,0,0,0,0,25.564,250.302,0,9.79E+04
176.923,304.683,1.06E-04,1.06E-04,1.40E-08,0,0,0,0,25.564,250.302,0,9.79E+04
177.423,302.111,1.10E-04,1.10E-04,1.40E-08,0,0,0,0,25.564,250.303,0,9.80E+04
177.923,299.539,1.06E-04,1.06E-04,1.40E-08,0,0,0,0,25.564,250.302,0,9.80E+04
178.423,296.968,1.09E-04,1.09E-04,1.40E-08,0,0,0,0,25.564,250.303,0,9.80E+04
178.923,294.396,1.07E-04,1.07E-04,1.40E-08,0,0,0,0,25.564,250.302,0,9.81E+04
179.423,291.825,1.09E-04,1.09E-04,1.39E-08,0,0,0,0,25.564,250.303,0,9.81E+04
179.923,289.255,1.07E-04,1.07E-04,1.39E-08,0,0,0,0,25.564,250.303,0,9.81E+04
180.423,286.685,1.08E-04,1.08E-04,1.39E-08,0,0,0,0,25.564,250.304,0,9.81E+04
180.923,284.114,1.07E-04,1.07E-04,1.39E-08,0,0,0,0,25.564,250.303,0,9.82E+04
181.423,281.545,1.08E-04,1.08E-04,1.39E-08,0,0,0,0,25.564,250.304,0,9.82E+04
181.923,278.975,1.07E-04,1.07E-04,1.39E-08,0,0,0,0,25.564,250.304,0,9.82E+04
182.423,276.406,1.08E-04,1.08E-04,1.39E-08,0,0,0,0,25.564,250.304,0,9.83E+04
182.923,273.837,1.07E-04,1.07E-04,1.39E-08,0,0,0,0,25.564,250.304,0,9.83E+04
183.423,271.268,1.08E-04,1.08E-04,1.39E-08,0,0,0,0,25.564,250.305,0,9.83E+04
183.923,268.699,1.07E-04,1.07E-04,1.39E-08,0,0,0,0,25.564,250.305,0,9.83E+04
184.423,266.131,1.07E-04,1.07E-04,1.39E-08,0,0,0,0,25.564,250.305,0,9.84E+04
184.923,263.563,1.07E-04,1.07E-04,1.38E-08,0,0,0,0,25.564,250.305,0,9.84E+04
185.423,260.996,1.07E-04,1.07E-04,1.38E-08,0,0,0,0,25.564,250.305,0,9.84E+04
185.923,258.428,1.07E-04,1.07E-04,1.38E-08,0,0,0,0,25.564,250.305,0,9.85E+04
186.423,255.861,1.07E-04,1.07E-04,1.38E-08,0,0,0,0,25.564,250.306,0,9.85E+04
186.923,253.294,1.07E-04,1.07E-04,1.38E-08,0,0,0,0,25.564,250.306,0,9.85E+04
187.423,250.727,1.07E-04,1.07E-04,1.38E-08,0,0,0,0,25.564,250.306,0,9.85E+04
187.923,248.161,1.06E-04,1.06E-04,1.38E-08,0,0,0,0,25.564,250.306,0,9.86E+04
188.423,245.595,1.07E-04,1.07E-04,1.38E-08,0,0,0,0,25.564,250.306,0,9.86E+04
188.923,243.029,1.06E-04,1.06E-04,1.38E-08,0,0,0,0,25.564,250.306,0,9.86E+04
189.423,240.463,1.07E-04,1.07E-04,1.38E-08,0,0,0,0,25.564,250.307,0,9.86E+04
189.923,237.898,1.06E-04,1.06E-04,1.37E-08,0,0,0,0,25.564,250.307,0,9.87E+04
190.423,235.333,1.06E-04,1.06E-04,1.37E-08,0,0,0,0,25.564,250.307,0,9.87E+04
190.923,232.768,1.06E-04,1.06E-04,1.37E-08,0,0,0,0,25.564,250.307,0,9.87E+04
191.423,230.203,1.06E-04,1.06E-04,1.37E-08,0,0,0,0,25.564,250.307,0,9.88E+04
191.923,227.639,1.06E-04,1.06E-04,1.37E-08,0,0,0,0,25.564,250.308,0,9.88E+04
192.423,225.075,1.06E-04,1.06E-04,1.37E-08,0,0,0,0,25.564,250.308,0,9.88E+04
192.923,222.511,1.06E-04,1.06E-04,1.37E-08,0,0,0,0,25.564,250.308,0,9.88E+04
193.423,219.948,1.06E-04,1.06E-04,1.37E-08,0,0,0,0,25.564,250.308,0,9.89E+04
193.923,217.384,1.06E-04,1.06E-04,1.37E-08,0,0,0,0,25.564,250.308,0,9.89E+04
194.423,214.821,1.06E-04,1.06E-04,1.37E-08,0,0,0,0,25.564,250.309,0,9.89E+04
194.923,212.258,1.06E-04,1.06E-04,1.37E-08,0,0,0,0,25.564,250.309,0,9.90E+04
195.423,209.696,1.06E-04,1.06E-04,1.36E-08,0,0,0,0,25.564,250.309,0,9.90E+04
195.923,207.134,1.06E-04,1.06E-04,1.36E-08,0,0,0,0,25.564,250.309,0,9.90E+04
196.423,204.572,1.06E-04,1.06E-04,1.36E-08,0,0,0,0,25.564,250.309,0,9.90E+04
196.923,202.01,1.06E-04,1.06E-04,1.36E-08,0,0,0,0,25.564,250.309,0,9.91E+04
197.423,199.449,1.06E-04,1.06E-04,1.36E-08,0,0,0,0,25.564,250.31,0,9.91E+04
197.923,196.887,1.05E-04,1.05E-04,1.36E-08,0,0,0,0,25.564,250.31,0,9.91E+04
198.423,194.326,1.05E-04,1.05E-04,1.36E-08,0,0,0,0,25.564,250.31,0,9.92E+04
198.923,191.766,1.05E-04,1.05E-04,1.36E-08,0,0,0,0,25.564,250.31,0,9.92E+04
199.423,189.205,1.05E-04,1.05E-04,1.36E-08,0,0,0,0,25.564,250.31,0,9.92E+04
199.923,186.645,1.05E-04,1.05E-04,1.36E-08,0,0,0,0,25.564,250.311,0,9.92E+04
200.423,184.085,1.05E-04,1.05E-04,1.36E-08,0,0,0,0,25.564,250.311,0,9.93E+04
200.923,181.525,1.05E-04,1.05E-04,1.35E-08,0,0,0,0,25.564,250.311,0,9.93E+04
201.423,178.966,1.05E-04,1.05E-04,1.35E-08,0,0,0,0,25.564,250.311,0,9.93E+04
201.923,176.407,1.05E-04,1.05E-04,1.35E-08,0,0,0,0,25.564,250.311,0,9.93E+04
202.423,173.848,1.05E-04,1.05E-04,1.35E-08,0,0,0,0,25.564,250.312,0,9.94E+04
202.923,171.289,1.05E-04,1.05E-04,1.35E-08,0,0,0,0,25.564,250.312,0,9.94E+04
203.423,168.731,1.05E-04,1.05E-04,1.35E-08,0,0,0,0,25.564,250.312,0,9.94E+04
203.923,166.173,1.05E-04,1.05E-04,1.35E-08,0,0,0,0,25.564,250.312,0,9.95E+04
204.423,163.615,1.05E-04,1.05E-04,1.35E-08,0,0,0,0,25.564,250.312,0,9.95E+04
204.923,161.057,1.05E-04,1.05E-04,1.35E-08,0,0,0,0,25.564,250.312,0,9.95E+04
205.423,158.5,1.05E-04,1.05E-04,1.35E-08,0,0,0,0,25.564,250.313,0,9.95E+04
205.923,155.943,1.04E-04,1.04E-04,1.35E-08,0,0,0,0,25.564,250.313,0,9.96E+04
206.423,153.386,1.04E-04,1.04E-04,1.34E-08,0,0,0,0,25.564,250.313,0,9.96E+04
206.923,150.83,1.04E-04,1.04E-04,1.34E-08,0,0,0,0,25.564,250.313,0,9.96E+04
207.423,148.273,1.04E-04,1.04E-04,1.34E-08,0,0,0,0,25.564,250.313,0,9.97E+04
207.923,145.717,1.04E-04,1.04E-04,1.34E-08,0,0,0,0,25.564,250.314,0,9.97E+04
208.423,143.161,1.04E-04,1.04E-04,1.34E-08,0,0,0,0,25.564,250.314,0,9.97E+04
208.923,140.606,1.04E-04,1.04E-04,1.34E-08,0,0,0,0,25.564,250.314,0,9.97E+04
209.423,138.05,1.04E-04,1.04E-04,1.34E-08,0,0,0,0,25.564,250.314,0,9.98E+04
209.923,135.495,1.04E-04,1.04E-04,1.34E-08,0,0,0,0,25.564,250.314,0,9.98E+04
210.423,132.941,1.04E-04,1.04E-04,1.34E-08,0,0,0,0,25.564,250.314,0,9.98E+04
210.923,130.386,1.04E-04,1.04E-04,1.34E-08,0,0,0,0,25.564,250.315,0,9.99E+04
211.423,127.832,1.04E-04,1.04E-04,1.34E-08,0,0,0,0,25.564,250.315,0,9.99E+04
211.923,125.278,1.04E-04,1.04E-04,1.34E-08,0,0,0,0,25.564,250.315,0,9.99E+04
212.423,122.724,1.04E-04,1.04E-04,1.33E-08,0,0,0,0,25.564,250.315,0,9.99E+04
212.923,120.17,1.04E-04,1.04E-04,1.33E-08,0,0,0,0,25.564,250.315,0,1.00E+05
213.423,117.617,1.04E-04,1.04E-04,1.33E-08,0,0,0,0,25.564,250.316,0,1.00E+05
213.923,115.064,1.04E-04,1.04E-04,1.33E-08,0,0,0,0,25.564,250.316,0,1.00E+05
214.423,112.511,1.03E-04,1.03E-04,1.33E-08,0,0,0,0,25.564,250.316,0,1.00E+05
214.923,109.959,1.03E-04,1.03E-04,1.33E-08,0,0,0,0,25.564,250.316,0,1.00E+05
215.423,107.407,1.03E-04,1.03E-04,1.33E-08,0,0,0,0,25.564,250.316,0,1.00E+05
215.923,104.855,1.03E-04,1.03E-04,1.33E-08,0,0,0,0,25.564,250.317,0,1.00E+05
216.423,102.303,1.03E-04,1.03E-04,1.33E-08,0,0,0,0,25.564,250.317,0,1.00E+05
216.923,99.751,1.03E-04,1.03E-04,1.33E-08,0,0,0,0,25.564,250.317,0,1.00E+05
217.423,97.2,1.03E-04,1.03E-04,1.33E-08,0,0,0,0,25.564,250.317,0,1.00E+05
217.923,94.649,-3.57E-05,3.57E-05,0,0,0,0,0,25.564,250.283,0,1.00E+05
218.423,92.098,7.28E-05,7.28E-05,0,0,0,0,0,25.564,250.31,0,1.00E+05
218.923,89.547,-2.69E-05,2.69E-05,0,0,0,0,0,25.564,250.285,0,1.00E+05
219.423,86.996,6.48E-05,6.48E-05,0,0,0,0,0,25.564,250.308,0,1.00E+05
219.923,84.445,-1.95E-05,1.95E-05,0,0,0,0,0,25.564,250.287,0,1.00E+05
220.423,81.894,5.79E-05,5.79E-05,0,0,0,0,0,25.564,250.307,0,1.00E+05
220.923,79.343,-1.32E-05,1.32E-05,0,0,0,0,0,25.564,250.289,0,1.00E+05
221.423,76.792,5.22E-05,5.22E-05,0,0,0,0,0,25.564,250.306,0,1.00E+05
221.923,74.241,-7.95E-06,7.95E-06,0,0,0,0,0,25.564,250.291,0,1.00E+05
222.423,71.691,4.73E-05,4.73E-05,0,0,0,0,0,25.564,250.305,0,1.00E+05
222.923,69.14,-3.49E-06,3.49E-06,0,0,0,0,0,25.564,250.293,0,1.00E+05
223.423,66.589,4.32E-05,4.32E-05,0,0,0,0,0,25.564,250.304,0,1.00E+05
223.923,64.039,2.69E-07,2.69E-07,0,0,0,0,0,25.564,250.294,0,1.00E+05
224.423,61.488,3.98E-05,3.98E-05,0,0,0,0,0,25.564,250.304,0,1.00E+05
224.923,58.938,3.45E-06,3.45E-06,0,0,0,0,0,25.564,250.295,0,1.00E+05
225.423,56.387,3.68E-05,3.68E-05,0,0,0,0,0,25.564,250.304,0,1.00E+05
225.923,53.837,6.13E-06,6.13E-06,0,0,0,0,0,25.564,250.296,0,1.00E+05
226.423,51.287,3.44E-05,3.44E-05,0,0,0,0,0,25.564,250.303,0,1.00E+05
226.923,48.737,8.39E-06,8.39E-06,0,0,0,0,0,25.564,250.297,0,1.00E+05
227.423,46.186,3.23E-05,3.23E-05,0,0,0,0,0,25.564,250.303,0,1.00E+05
227.923,43.636,1.03E-05,1.03E-05,0,0,0,0,0,25.564,250.298,0,1.00E+05
228.423,41.086,3.05E-05,3.05E-05,0,0,0,0,0,25.564,250.303,0,1.00E+05
228.923,38.536,1.19E-05,1.19E-05,0,0,0,0,0,25.564,250.299,0,1.00E+05
229.423,35.986,2.90E-05,2.90E-05,0,0,0,0,0,25.564,250.303,0,1.00E+05
229.923,33.436,1.33E-05,1.33E-05,0,0,0,0,0,25.564,250.3,0,1.00E+05
230.423,30.886,2.77E-05,2.77E-05,0,0,0,0,0,25.564,250.303,0,1.00E+05
230.923,28.336,1.44E-05,1.44E-05,0,0,0,0,0,25.564,250.3,0,1.00E+05
231.423,25.787,2.67E-05,2.67E-05,0,0,0,0,0,25.564,250.304,0,1.00E+05
231.923,23.237,1.54E-05,1.54E-05,0,0,0,0,0,25.564,250.301,0,1.00E+05
232.423,20.687,2.58E-05,2.58E-05,0,0,0,0,0,25.564,250.304,0,1.00E+05
232.923,18.138,1.62E-05,1.62E-05,0,0,0,0,0,25.564,250.302,0,1.00E+05
233.423,15.588,2.50E-05,2.50E-05,0,0,0,0,0,25.564,250.304,0,1.00E+05
233.923,13.038,1.69E-05,1.69E-05,0,0,0,0,0,25.564,250.302,0,1.00E+05
234.423,10.489,2.43E-05,2.43E-05,0,0,0,0,0,25.564,250.304,0,1.00E+05
234.923,7.94,1.75E-05,1.75E-05,0,0,0,0,0,25.564,250.303,0,1.00E+05
235.423,5.39,2.38E-05,2.38E-05,0,0,0,0,0,25.564,250.304,0,1.00E+05
235.923,2.841,1.80E-05,1.80E-05,0,0,0,0,0,25.564,250.303,0,1.00E+05
236.423,0.292,2.33E-05,2.33E-05,0,0,0,0,0,25.564,250.305,0,1.00E+05
236.48,0,1.84E-05,1.84E-05,0,0,0,0,0,25.564,250.304,0,1.00E+05
