AccelX,AccelY,AccelZ,AirbrakesDeploy,Altitude,EndByte,GyroX,GyroY,GyroZ,State,Temperature,Timestamp,Velocity,Voltage
0.04,-0.3,1.1,0,4.433017,0,-3.9,-3.9,1.2,1,21,1258000,236,0
0.06,-0.3,1.1,0,4.433017,0,-3.8,-3.8,1.3,1,21,1258100,236,0
0.06,-0.3,1.1,0,5.3494253,0,-4,-4,1.6,1,21,1258200,236,0
0.05,-0.31,1.1,0,4.433017,0,-4,-4,3.6,1,21,1258300,236,0
0.06,-0.3,1.1,0,4.433017,0,-3.9,-3.9,2.2,1,21,1258400,236,0
0.06,-0.31,1.1,0,4.433017,0,-3.8,-3.8,2.5,1,21,1258500,236,0
0.05,-0.3,1.1,0,4.7661552,0,-3.5,-3.5,3.8,1,21,1258600,236,0
0.04,-0.3,1.1,0,5.3494253,0,-3.3,-3.3,1.3,1,21,1258700,236,0
0.05,-0.29,1.1,0,4.433017,0,-4.2,-4.2,2.5,1,21,1258800,236,0
0.05,-0.31,1.1,0,5.3494253,0,-4.3,-4.3,2.3,1,21,1258900,236,0
0.05,-0.31,1.1,0,4.433017,0,-3.9,-3.9,2.3,1,21,1259000,236,0
0.06,-0.3,1.1,0,4.433017,0,-3.7,-3.7,1.7,1,21,1259100,236,0
0.05,-0.29,1.1,0,4.433017,0,-3.7,-3.7,2.5,1,21,1259200,236,0
0.03,-0.28,1.1,0,5.3494253,0,-4.3,-4.3,2.4,1,21,1259300,236,0
0.06,-0.29,1.1,0,5.683097,0,-4.3,-4.3,2.3,1,21,1259400,236,0
0.07,-0.3,1.1,0,4.433017,0,-4.1,-4.1,-0.3,1,21,1259500,236,0
0.06,-0.31,1.1,0,4.433017,0,-3.5,-3.5,1.1,1,21,1259600,236,0
0.05,-0.3,1.1,0,4.433017,0,-3.5,-3.5,1.1,1,21,1259700,236,0
0.04,-0.3,1.1,0,5.3494253,0,-4.3,-4.3,1.7,1,21,1259800,236,0
0.06,-0.31,1.1,0,5.3494253,0,-4.5,-4.5,3.2,1,21,1259900,236,0
0.07,-0.32,1.1,0,3.5166883,0,-3.5,-3.5,2,1,21,1260000,236,0
0.06,-0.29,1.1,0,5.683097,0,-3.2,-3.2,3.1,1,21,1260100,236,0
0.03,-0.29,1.1,0,4.433017,0,-4,-4,2.8,1,21,1260200,236,0
0.05,-0.3,1.1,0,4.433017,0,-4.3,-4.3,3,1,21,1260300,236,0
0.07,-0.31,1.1,0,4.433017,0,-3.8,-3.8,3.4,1,21,1260400,236,0
0.06,-0.3,1.1,0,4.433017,0,-3.5,-3.5,2.7,1,21,1260500,236,0
0.03,-0.29,1.1,0,4.433017,0,-3.7,-3.7,1.7,1,21,1260600,236,0
0.05,-0.29,1.1,0,5.3494253,0,-4.1,-4.1,2.5,1,21,1260700,236,0
0.06,-0.3,1.1,0,4.433017,0,-4.5,-4.5,3.3,1,21,1260800,236,0
0.06,-0.31,1.1,0,4.7661552,0,-3.8,-3.8,1.6,1,21,1260900,236,0
0.04,-0.31,1.1,0,4.433017,0,-3.3,-3.3,1.4,1,21,1261000,236,0
0.04,-0.29,1.1,0,4.433017,0,-3.7,-3.7,0.8,1,21,1261100,236,0
0.05,-0.3,1.1,0,4.433017,0,-4.3,-4.3,2.4,1,21,1261200,236,0
0.06,-0.32,1.1,0,3.8497972,0,-4.1,-4.1,4,1,21,1261300,236,0
0.06,-0.31,1.1,0,4.7661552,0,-3.5,-3.5,2.4,1,21,1261400,236,0
0.05,-0.29,1.1,0,4.433017,0,-3.7,-3.7,2.4,1,21,1261500,236,0
0.04,-0.29,1.1,0,4.433017,0,-4.1,-4.1,2.5,1,21,1261600,236,0
0.05,-0.3,1.1,0,5.3494253,0,-4.1,-4.1,3,1,21,1261700,236,0
0.06,-0.3,1.1,0,4.7661552,0,-4.1,-4.1,2.9,1,21,1261800,236,0
0.06,-0.31,1.1,0,4.7661552,0,-3.6,-3.6,2.3,1,21,1261900,236,0
0.04,-0.3,1.1,0,4.7661552,0,-3.4,-3.4,1.2,1,21,1262000,236,0
0.05,-0.29,1.1,0,5.3494253,0,-3.8,-3.8,1.9,1,21,1262100,236,0
0.05,-0.29,1.1,0,4.433017,0,-4.6,-4.6,3.1,1,21,1262200,236,0
0.06,-0.32,1.1,0,4.433017,0,-4.4,-4.4,2.5,1,21,1262300,236,0
0.06,-0.31,1.1,0,4.7661552,0,-3.2,-3.2,2.4,1,21,1262400,236,0
0.05,-0.29,1.1,0,4.433017,0,-3.5,-3.5,2.1,1,21,1262500,236,0
0.04,-0.29,1.1,0,4.7661552,0,-4.2,-4.2,2.4,1,21,1262600,236,0
0.05,-0.31,1.1,0,4.433017,0,-4.4,-4.4,2.8,1,21,1262700,236,0
0.07,-0.31,1.1,0,3.8497972,0,-3.8,-3.8,2.5,1,21,1262800,236,0
0.06,-0.3,1.1,0,4.433017,0,-3.4,-3.4,2.1,1,21,1262900,236,0
0.03,-0.29,1.1,0,3.5166883,0,-3.5,-3.5,1.7,1,21,1263000,236,0
0.04,-0.29,1.1,0,4.433017,0,-4.2,-4.2,2.4,1,21,1263100,236,0
0.07,-0.3,1.1,0,5.3494253,0,-4.6,-4.6,2.7,1,21,1263200,236,0
0.07,-0.32,1.1,0,4.7661552,0,-4,-4,2.3,1,21,1263300,236,0
0.05,-0.3,1.1,0,4.433017,0,-3.2,-3.2,2.1,1,21,1263400,236,0
0.05,-0.28,1.1,0,5.3494253,0,-3.8,-3.8,2.2,1,21,1263500,236,0
0.05,-0.3,1.1,0,4.433017,0,-4.7,-4.7,3,1,21,1263600,236,0
0.06,-0.31,1.1,0,4.433017,0,-4.1,-4.1,3.1,1,21,1263700,236,0
0.06,-0.3,1.1,0,3.5166883,0,-3.4,-3.4,2.4,1,21,1263800,236,0
0.05,-0.29,1.1,0,5.683097,0,-3.7,-3.7,2.4,1,21,1263900,236,0
0.04,-0.29,1.1,0,4.433017,0,-4.2,-4.2,2.8,1,21,1264000,236,0
0.05,-0.3,1.1,0,4.433017,0,-4.1,-4.1,2.8,1,21,1264100,236,0
0.06,-0.3,1.1,0,4.433017,0,-3.8,-3.8,2.2,1,21,1264200,236,0
0.05,-0.3,1.1,0,5.683097,0,-3.7,-3.7,2,1,21,1264300,237,0
0.04,-0.3,1.1,0,4.7661552,0,-3.6,-3.6,1.9,1,21,1264400,237,0
0.05,-0.29,1.1,0,4.7661552,0,-4.1,-4.1,2,1,21,1264500,237,0
0.05,-0.31,1.1,0,5.3494253,0,-4.3,-4.3,2.4,1,21,1264600,237,0
0.05,-0.31,1.1,0,3.5166883,0,-3.7,-3.7,1.7,1,21,1264700,237,0
0.06,-0.3,1.1,0,4.7661552,0,-3.7,-3.7,2.2,1,21,1264800,237,0
0.05,-0.29,1.1,0,4.433017,0,-4.1,-4.1,2.4,1,21,1264900,237,0
0.04,-0.31,1.1,0,4.433017,0,-4.2,-4.2,2,1,21,1265000,237,0
0.06,-0.31,1.1,0,4.433017,0,-3.8,-3.8,2.2,1,21,1265100,237,0
0.07,-0.3,1.1,0,3.5166883,0,-3.8,-3.8,2,1,21,1265200,237,0
0.05,-0.3,1.1,0,4.433017,0,-4,-4,2.3,1,21,1265300,237,0
0.05,-0.3,1.1,0,4.433017,0,-3.8,-3.8,3,1,21,1265400,237,0
0.06,-0.3,1.1,0,4.433017,0,-3.9,-3.9,3.1,1,21,1265500,237,0
0.05,-0.3,1.1,0,4.433017,0,-4,-4,2.2,1,21,1265600,237,0
0.05,-0.32,1.1,0,4.433017,0,-3.7,-3.7,2.4,1,21,1265700,237,0
0.06,-0.3,1.1,0,4.433017,0,-3.6,-3.6,2.4,1,21,1265800,237,0
0.05,-0.3,1.1,0,3.8497972,0,-3.8,-3.8,1.8,1,21,1265900,237,0
0.05,-0.31,1.1,0,4.7661552,0,-4.3,-4.3,2.2,1,21,1266000,237,0
0.06,-0.3,1.1,0,4.7661552,0,-3.8,-3.8,2.8,1,21,1266100,237,0
0.06,-0.3,1.1,0,4.433017,0,-4.1,-4.1,3.7,1,21,1266200,237,0
0.04,-0.3,1.1,0,3.5166883,0,-4,-4,3,1,21,1266300,237,0
0.04,-0.3,1.1,0,4.433017,0,-3.8,-3.8,2.2,1,21,1266400,237,0
0.06,-0.29,1.1,0,4.433017,0,-4,-4,1.6,1,21,1266500,237,0
0.06,-0.3,1.1,0,3.5166883,0,-4.2,-4.2,1.4,1,21,1266600,237,0
0.04,-0.31,1.1,0,4.433017,0,-3.9,-3.9,2,1,21,1266700,237,0
0.05,-0.31,1.1,0,4.433017,0,-3.7,-3.7,1.4,1,21,1266800,237,0
0.06,-0.3,1.1,0,4.7661552,0,-3.8,-3.8,2.7,1,21,1266900,237,0
0.05,-0.31,1.1,0,4.7661552,0,-4.3,-4.3,3.3,1,21,1267000,237,0
0.05,-0.32,1.1,0,4.433017,0,-3.8,-3.8,3.6,1,21,1267100,237,0
0.04,-0.3,1.1,0,4.433017,0,-4,-4,4.4,1,21,1267200,237,0
0.05,-0.3,1.1,0,4.433017,0,-4.1,-4.1,2,1,21,1267300,237,0
0.05,-0.3,1.1,0,5.3494253,0,-3.8,-3.8,3.4,1,21,1267400,237,0
0.05,-0.29,1.1,0,4.433017,0,-3.7,-3.7,4.2,1,21,1267500,237,0
0.06,-0.29,1.1,0,4.433017,0,-4,-4,1.7,1,21,1267600,237,0
0.06,-0.3,1.1,0,4.433017,0,-4.1,-4.1,0,1,21,1267700,237,0
0.05,-0.32,1.1,0,4.433017,0,-3.8,-3.8,0.4,1,21,1267800,237,0
0.07,-0.31,1.1,0,4.7661552,0,-3.8,-3.8,2.2,1,21,1267900,237,0
0.07,-0.32,1.1,0,3.5166883,0,-4.1,-4.1,3.5,1,21,1268000,237,0
0.06,-0.32,1.09,0,4.433017,0,-3.7,-3.7,3.2,1,21,1268100,237,0
-1.4,-2.19,5.36,0,5.3494253,0,-0.6,-0.6,31.4,1,21,1268200,237,0
0.05,-0.22,5.76,0,6.2664185,0,-13.9,-13.9,-40.8,2,21,1268300,237,0
-0.07,-0.51,5.61,0,8.099641,0,2.9,2.9,30.8,2,21,1268400,237,0
-0.07,-0.47,5.19,0,10.767499,0,0.4,0.4,55.3,2,21,1268500,237,0
-0.2,-0.48,4.83,0,12.935418,0,2.9,2.9,87.9,2,21,1268600,237,0
-0.29,-0.52,4.59,0,15.687638,0,5.2,5.2,110.8,2,21,1268700,237,0
-0.28,-0.59,4.4,0,19.275078,0,1.2,1.2,130.3,2,21,1268800,237,0
-0.2,-0.53,4.15,0,21.695282,0,6,6,146.4,2,21,1268900,237,0
-0.09,-0.5,3.91,0,25.367992,0,2.8,2.8,187.4,2,21,1269000,237,0
-0.1,-0.67,3.68,0,30.2118,0,-14.3,-14.3,234.5,2,21,1269100,237,0
-0.03,-0.64,3.47,0,36.060257,0,-39.9,-39.9,286.5,2,21,1269200,237,0
0.03,-0.4,3.29,0,40.57424,0,-13.6,-13.6,318.4,2,21,1269300,237,0
0.02,-0.61,3.18,0,44.58854,0,2.7,2.7,357,2,21,1269400,237,0
-0.41,-0.43,2.95,0,51.617294,0,-20.2,-20.2,388.4,2,21,1269500,237,0
0.23,-0.56,1.21,0,58.399395,0,9.9,9.9,407.9,2,21,1269600,237,0
0.12,-0.59,0.06,0,64.1797,0,-20.4,-20.4,434.5,2,21,1269700,237,0
-0.2,-0.25,-0.42,0,70.299484,0,-14.5,-14.5,447,2,21,1269800,237,0
0.08,-0.45,-0.3,0,78.01662,0,-26.6,-26.6,453,2,21,1269900,237,0
-0.19,-0.62,-0.33,0,82.54885,0,-26.4,-26.4,447.6,2,21,1270000,237,0
0.02,-0.4,-0.24,0,88.09099,0,-6,-6,438.4,2,21,1270100,237,0
-0.06,-0.53,-0.27,0,93.55234,0,2.8,2.8,420.3,2,21,1270200,237,0
-0.13,-0.34,-0.16,0,99.35274,0,3.7,3.7,400.9,2,21,1270300,237,0
-0.1,-0.47,-0.19,0,105.829155,0,-4.5,-4.5,374.2,2,21,1270400,237,0
-0.01,-0.55,-0.17,0,109.44782,0,-1.6,-1.6,367.5,2,21,1270500,237,0
-0.1,-0.53,-0.17,0,113.15217,0,-14,-14,381,2,21,1270600,237,0
-0.17,-0.61,-0.19,65,117.69976,0,-22.1,-22.1,351.8,3,21,1270700,237,0
-0.27,-0.51,0.03,46,122.67076,0,0,0,333,3,21,1270800,237,0
-0.12,-0.44,-0.02,1,125.95775,0,3.4,3.4,336.2,3,21,1270900,237,0
-0.05,-0.48,-0.11,83,130.59549,0,-4.8,-4.8,327.6,3,21,1271000,237,0
0.07,-0.43,-0.15,135,134.22281,0,20.9,20.9,312.8,3,21,1271100,237,0
-0.5,-0.92,-0.12,205,138.27345,0,0.4,0.4,318,3,21,1271200,237,0
-0.05,-0.53,-0.13,200,141.39659,0,-12.7,-12.7,311.9,3,21,1271300,238,0
-0.04,-0.51,-0.07,112,144.09889,0,-14.6,-14.6,308.8,3,21,1271400,238,0
-0.08,-0.56,-0.07,170,147.47736,0,-12.3,-12.3,300.9,3,21,1271500,238,0
-0.13,-0.61,-0.12,14,150.60327,0,-9.6,-9.6,285,3,21,1271600,238,0
-0.14,-0.48,-0.02,223,152.96951,0,1.4,1.4,271.3,3,21,1271700,238,0
-0.08,-0.52,0,113,155.1678,0,8.5,8.5,270.9,3,21,1271800,238,0
-0.1,-0.54,-0.02,241,156.68942,0,4,4,269.2,3,21,1271900,238,0
-0.04,-0.5,-0.02,129,158.54988,0,9.4,9.4,260.7,3,21,1272000,238,0
-0.14,-0.58,-0.02,85,160.74884,0,7.9,7.9,259.8,3,21,1272100,238,0
-0.11,-0.52,-0.01,199,162.18646,0,-2,-2,264.1,3,21,1272200,238,0
-0.01,-0.61,-0.02,240,163.45566,0,-8.4,-8.4,262.5,3,21,1272300,238,0
-0.05,-0.52,0.01,141,165.31732,0,-15.1,-15.1,261.2,3,21,1272400,238,0
0,-0.57,0,35,166.24803,0,-22.3,-22.3,254.9,3,21,1272500,238,0
-0.09,-0.53,0,35,167.17932,0,-20,-20,245.6,3,21,1272600,238,0
-0.06,-0.56,0.01,178,169.04115,0,-9,-9,241.4,3,21,1272700,238,0
-0.1,-0.55,0.01,178,169.88782,0,-9.5,-9.5,243.4,3,21,1272800,238,0
-0.16,-0.43,0.03,6,169.88782,0,-6,-6,237.8,3,21,1272900,238,0
-0.06,-0.52,0,195,169.88782,0,14.2,14.2,228.5,3,21,1273000,238,0
-0.01,-0.52,0.02,6,170.81894,0,15.6,15.6,235.1,3,21,1273100,238,0
0,-0.51,0.02,6,170.81894,0,-2,-2,238.1,3,21,1273200,238,0
-0.05,-0.57,0.01,6,170.81894,0,-8.8,-8.8,231.7,3,21,1273300,238,0
0.95,-2.62,-1.25,0,169.88782,0,17.5,17.5,313.6,4,21,1273400,238,0
-0.12,0.55,0.08,0,174.54526,0,-21.8,-21.8,217.6,4,21,1273500,238,0
-0.41,-1.53,-0.85,0,176.4089,0,0.2,0.2,169.5,4,21,1273600,238,0
0.4,-1.12,-0.58,0,174.54526,0,17.1,17.1,17.8,4,21,1273700,238,0
2.11,0.14,-0.23,0,184.71376,0,0.1,0.1,-29.3,4,21,1273800,238,0
2.6,-0.89,0.49,0,184.12033,0,-98.4,-98.4,-273.5,4,21,1273900,238,0
5.9,-2.08,2.2,0,181.32315,0,246.1,246.1,-219.7,4,21,1274000,238,0
-3.99,-5.42,-4.18,0,168.44862,0,676.9,676.9,-339.4,4,21,1274100,238,0
-0.2,-1.56,-0.34,0,168.19505,0,-353.4,-353.4,-48,5,21,1274200,238,0
-3.86,1.09,-0.07,0,168.19505,0,-366.8,-366.8,-120.4,6,21,1274300,238,0
-1.78,-0.54,0.24,0,166.67125,0,-196,-196,326.3,6,21,1274400,238,0
-0.89,0.68,0.01,0,164.80933,0,16.7,16.7,-16,6,21,1274500,238,0
0.59,-1.47,-0.94,0,163.87875,0,-117.4,-117.4,-187,6,21,1274600,238,0
0.99,0.79,0.01,0,161.17183,0,-46.6,-46.6,-149.1,6,21,1274700,238,0
0.27,0.27,-0.16,0,160.57974,0,214.4,214.4,11.4,6,21,1274800,238,0
0.04,0,-0.82,0,159.3109,0,293.9,293.9,113.7,6,21,1274900,238,0
-0.92,-0.81,-0.68,0,159.3109,0,118.6,118.6,95.9,6,21,1275000,238,0
-0.83,-0.49,-0.6,0,157.45032,0,7.3,7.3,40.5,7,21,1275100,238,0
-0.52,-0.44,-1.12,0,155.59006,0,56.2,56.2,27,7,21,1275200,238,0
0.33,-0.43,-0.95,0,154.66031,0,166.5,166.5,43.4,7,21,1275300,238,0
0.22,-0.64,-0.76,0,155.25204,0,131.5,131.5,5.1,7,21,1275400,238,0
-0.32,-0.92,-0.44,0,155.25204,0,34,34,37,7,21,1275500,238,0
-0.55,-0.91,-0.42,0,154.66031,0,-28.4,-28.4,64.3,7,21,1275600,239,0
-0.77,-0.59,-0.53,0,151.61739,0,10.3,10.3,52.2,7,21,1275700,239,0
-0.3,-0.63,-0.38,0,149.75816,0,78.1,78.1,37.5,7,21,1275800,239,0
0.49,-0.79,-0.4,0,148.82895,0,-23.5,-23.5,-208.7,7,21,1275900,239,0
0.01,-0.58,-0.63,0,147.8998,0,48.3,48.3,-145.6,7,21,1276000,239,0
0.34,-0.62,-0.77,0,146.97023,0,61.2,61.2,-111.8,7,21,1276100,239,0
0.35,-0.9,-0.78,0,145.11237,0,-37.3,-37.3,-141.2,7,21,1276200,239,0
0.49,-0.54,-0.7,0,145.11237,0,-92.9,-92.9,-147.9,7,21,1276300,239,0
0.34,-0.33,-0.75,0,144.2677,0,-66.1,-66.1,-141.1,7,21,1276400,239,0
0.01,-0.03,-0.75,0,142.4098,0,18.2,18.2,-85.1,7,21,1276500,239,0
-0.09,-0.12,-0.79,0,141.48125,0,24.6,24.6,-66.3,7,21,1276600,239,0
-0.14,-0.25,-0.92,0,139.62384,0,20.4,20.4,-48.7,7,21,1276700,239,0
-0.1,-0.22,-0.76,0,137.76678,0,15.9,15.9,-47.9,7,21,1276800,239,0
-0.04,-0.2,-0.87,0,136.83862,0,8.3,8.3,-59.1,7,21,1276900,239,0
0.07,-0.26,-0.92,0,135.06665,0,23.7,23.7,-57.1,7,21,1277000,239,0
0.11,-0.3,-0.93,0,135.06665,0,26.1,26.1,-67.7,7,21,1277100,239,0
0.1,-0.27,-0.97,0,133.2104,0,20.1,20.1,-71.3,7,21,1277200,239,0
-0.02,-0.28,-0.96,0,133.2104,0,37.5,37.5,-42,7,21,1277300,239,0
-0.27,-0.33,-0.92,0,132.28265,0,37.9,37.9,0.3,7,21,1277400,239,0
-0.35,-0.45,-0.81,0,131.35448,0,19.4,19.4,25.4,7,21,1277500,239,0
-0.34,-0.54,-0.89,0,128.57147,0,8.2,8.2,52.4,7,21,1277600,239,0
-0.26,-0.63,-0.94,0,127.30705,0,-30.2,-30.2,74.5,7,21,1277700,239,0
-0.02,-0.52,-1.11,0,126.7169,0,-53.1,-53.1,108.5,7,21,1277800,239,0
0.09,-0.32,-0.85,0,125.5367,0,-58.7,-58.7,126.4,7,21,1277900,239,0
0.13,-0.23,-0.93,0,124.019135,0,-31.8,-31.8,145.7,7,21,1278000,239,0
0,-0.29,-0.87,0,123.682144,0,8.3,8.3,175.4,7,21,1278100,239,0
-0.07,-0.3,-1.16,0,122.754745,0,58.6,58.6,207.2,7,21,1278200,239,0
0.04,-0.47,-0.8,0,120.9012,0,85.4,85.4,218.6,7,21,1278300,239,0
0.02,-0.73,-0.69,0,119.974045,0,51.1,51.1,222.2,7,21,1278400,239,0
-0.27,-0.89,-0.84,0,120.31142,0,-0.9,-0.9,239.6,7,21,1278500,239,0
-0.39,-0.74,-1.34,0,119.04748,0,-57.7,-57.7,261.4,7,21,1278600,239,0
0,-0.49,-0.68,0,118.121,0,-50.7,-50.7,305,7,21,1278700,239,0
-0.13,-0.49,-0.53,0,116.35221,0,-82.3,-82.3,323.4,7,21,1278800,239,0
-0.1,-0.23,-0.91,0,116.35221,0,-78.6,-78.6,328.3,7,21,1278900,239,0
0.37,-0.33,-1.01,0,114.499306,0,-72.4,-72.4,318,7,21,1279000,239,0
0.24,-0.29,-0.85,0,114.499306,0,-62.1,-62.1,309.4,7,21,1279100,239,0
0.3,-0.33,-0.83,0,112.64673,0,-23.2,-23.2,305.5,7,21,1279200,239,0
0.22,-0.62,-0.82,0,112.31011,0,-51.6,-51.6,268.5,7,21,1279300,239,0
0.03,-0.69,-0.89,0,110.79448,0,-11.3,-11.3,270.6,7,21,1279400,239,0
-0.31,-0.67,-0.87,0,111.72081,0,-29.8,-29.8,282,7,21,1279500,239,0
-0.48,-0.39,-0.8,0,109.86873,0,-36.6,-36.6,281.8,7,21,1279600,239,0
-0.34,-0.58,-0.84,0,108.10135,0,57.7,57.7,290.8,7,21,1279700,239,0
-0.43,-0.25,-0.64,0,107.764885,0,68.3,68.3,299.5,7,21,1279800,239,0
-0.23,-0.17,-0.72,0,105.913506,0,41.6,41.6,262,7,21,1279900,239,0
0.01,-0.26,-0.83,0,105.32457,0,55.8,55.8,213.8,7,21,1280000,239,0
0.16,-0.65,-0.99,0,104.062454,0,72.9,72.9,169.9,7,21,1280100,240,0
0.14,-0.72,-1.08,0,104.062454,0,-69.5,-69.5,129.9,7,21,1280200,240,0
-0.03,-0.41,-0.76,0,103.137314,0,-145.9,-145.9,113.9,7,21,1280300,240,0
0.49,-0.09,-0.73,0,101.28676,0,-94.4,-94.4,97.5,7,21,1280400,240,0
0.2,0.02,-0.63,0,101.28676,0,-17.3,-17.3,76.7,7,21,1280500,240,0
0.23,-0.07,-0.79,0,99.43653,0,28.3,28.3,57,7,21,1280600,240,0
0.07,-0.22,-0.9,0,99.43653,0,52.6,52.6,44.3,7,21,1280700,240,0
0,-0.47,-0.56,0,96.746346,0,46.6,46.6,23.3,7,21,1280800,240,0
-0.02,-0.42,-0.73,0,96.746346,0,-24.9,-24.9,-6.9,7,21,1280900,240,0
0.5,-0.25,-0.73,0,95.82134,0,-69.1,-69.1,-31.4,7,21,1281000,240,0
0.15,-0.02,-0.78,0,94.89693,0,-32.2,-32.2,-49.9,7,21,1281100,240,0
0.02,-0.07,-0.82,0,93.047844,0,41.3,41.3,-36.9,7,21,1281200,240,0
-0.2,-0.15,-0.72,0,91.19959,0,59.9,59.9,-20.1,7,21,1281300,240,0
-0.35,-0.43,-0.79,0,91.53552,0,12.4,12.4,-59.9,7,21,1281400,240,0
-0.21,-0.23,-0.76,0,90.35931,0,-57.9,-57.9,-94,7,21,1281500,240,0
-0.29,-0.32,-0.64,0,90.35931,0,-22.1,-22.1,-87.1,7,21,1281600,240,0
-0.27,-0.15,-1.21,0,89.434875,0,36.5,36.5,-61.9,7,21,1281700,240,0
-0.19,-0.58,-1.44,0,87.92308,0,40.2,40.2,-41.9,7,21,1281800,240,0
-0.17,-0.36,-0.79,0,86.66308,0,37.5,37.5,-18.5,7,21,1281900,240,0
-0.48,-0.76,-0.55,0,86.66308,0,62.2,62.2,11.1,7,21,1282000,240,0
-0.44,-0.68,-0.72,0,85.73948,0,13.3,13.3,15.6,7,21,1282100,240,0
-0.2,-0.74,-0.93,0,83.89202,0,-83.7,-83.7,26.1,7,21,1282200,240,0
0.58,-0.35,-1.03,0,82.045395,0,-66.9,-66.9,54.6,7,21,1282300,240,0
-0.14,-0.4,-0.73,0,81.20586,0,5.3,5.3,92,7,21,1282400,240,0
-0.44,-0.66,-0.81,0,81.20586,0,32,32,116.3,7,21,1282500,240,0
-0.36,-0.45,-0.87,0,79.3592,0,10.4,10.4,116.5,7,21,1282600,240,0
-0.29,-0.36,-0.79,0,78.43625,0,-21,-21,86.4,7,21,1282700,240,0
0.51,-0.02,-0.73,0,77.51287,0,1.5,1.5,70.4,7,21,1282800,240,0
0.1,-0.34,-0.79,0,75.66738,0,17.9,17.9,62.6,7,21,1282900,240,0
0,-0.39,-0.77,0,75.08016,0,-2.9,-2.9,42,7,21,1283000,240,0
-0.29,-0.29,-0.86,0,74.744255,0,-18.8,-18.8,30,7,21,1283100,240,0
-0.21,-0.21,-0.74,0,72.982834,0,7.8,7.8,17.4,7,21,1283200,240,0
-0.09,-0.28,-0.87,0,71.13764,0,62,62,17,7,21,1283300,240,0
-0.03,-0.44,-0.92,0,69.29328,0,74.6,74.6,12.2,7,21,1283400,240,0
1.13,-0.44,-0.56,0,70.21542,0,42.5,42.5,3.7,7,21,1283500,240,0
-0.33,-0.64,-0.81,0,68.37072,0,4.8,4.8,16.7,7,21,1283600,240,0
-0.5,-0.59,-0.84,0,68.70641,0,36.8,36.8,57.2,7,21,1283700,240,0
-0.52,-0.63,-0.75,0,66.52685,0,38.9,38.9,87.6,7,21,1283800,240,0
-0.52,-0.52,-0.45,0,65.60453,0,31.6,31.6,106.6,7,21,1283900,240,0
-0.47,-0.5,-0.54,0,64.6828,0,20.7,20.7,100.2,7,21,1284000,240,0
-0.22,-0.28,-0.56,0,62.923084,0,18,18,77.2,7,21,1284100,240,0
-0.16,-0.18,-1.16,0,62.001087,0,21.3,21.3,58.9,7,21,1284200,240,0
-0.12,-0.32,-0.65,0,60.158344,0,26.4,26.4,66.9,7,21,1284300,240,0
-0.23,-0.3,-0.68,0,59.23659,0,32.6,32.6,83.4,7,21,1284400,240,0
-0.39,-0.27,-0.79,0,59.23659,0,-1.8,-1.8,77.8,7,21,1284500,240,0
-0.45,-0.22,-0.83,0,56.472836,0,2,2,54.4,7,21,1284600,240,0
-0.24,-0.37,-0.74,0,55.217144,0,28.1,28.1,27.2,7,21,1284700,241,0
0,-0.31,-0.77,0,53.458523,0,84.8,84.8,40.6,7,21,1284800,241,0
-0.01,-0.51,-0.79,0,52.53787,0,81.4,81.4,34.7,7,21,1284900,241,0
-0.15,-0.6,-0.86,0,51.951946,0,15.6,15.6,32.8,7,21,1285000,241,0
-0.34,-0.54,-0.95,0,49.19012,0,-37.4,-37.4,27.1,7,21,1285100,241,0
-0.35,-0.5,-0.79,0,48.269844,0,5.9,5.9,26.6,7,21,1285200,241,0
-0.28,-0.5,-1,0,47.934807,0,68.6,68.6,46.3,7,21,1285300,241,0
-0.21,-0.62,-0.96,0,46.512398,0,19.4,19.4,65.6,7,21,1285400,241,0
-0.2,-0.64,-1.02,0,45.25791,0,-32.4,-32.4,90.3,7,21,1285500,241,0
-0.32,-0.51,-0.83,0,44.337475,0,-26.3,-26.3,113.5,7,21,1285600,241,0
-0.31,-0.31,-1.23,0,43.41763,0,51.7,51.7,128.4,7,21,1285700,241,0
-0.24,-0.34,-0.87,0,40.658066,0,71.1,71.1,117.9,7,21,1285800,241,0
-0.27,-0.46,-0.7,0,39.738544,0,74.9,74.9,110.2,7,21,1285900,241,0
-0.16,-0.49,-0.76,0,38.818596,0,60.3,60.3,101.7,7,21,1286000,241,0
-0.21,-0.49,-0.68,0,37.06325,0,-5.5,-5.5,87.5,7,21,1286100,241,0
-0.16,-0.32,-0.91,0,35.224415,0,-30.3,-30.3,75.2,7,21,1286200,241,0
-0.04,-0.34,-0.64,0,35.224415,0,8.6,8.6,68.6,7,21,1286300,241,0
-0.03,-0.25,-0.97,0,33.386414,0,82.7,82.7,81.3,7,21,1286400,241,0
-0.09,-0.34,-0.85,0,32.467026,0,118.9,118.9,110.1,7,21,1286500,241,0
-0.38,-0.63,-0.74,0,31.54823,0,114,114,117.5,7,21,1286600,241,0
-0.51,-0.59,-0.63,0,30.629509,0,126.2,126.2,134.4,7,21,1286700,241,0
-0.51,-0.48,-0.58,0,28.457905,0,98.9,98.9,142.8,7,21,1286800,241,0
-0.57,-0.48,-0.65,0,27.956558,0,59.2,59.2,142.8,7,21,1286900,241,0
-0.63,-0.31,-0.89,0,26.119331,0,40.1,40.1,121,7,21,1287000,241,0
-0.47,-0.3,-1.1,0,25.201092,0,89.1,89.1,96.7,7,21,1287100,241,0
-0.74,-0.62,-1.43,0,22.112652,0,181.8,181.8,105.2,7,21,1287200,241,0
-0.53,-0.44,-0.8,0,23.364353,0,111.9,111.9,89.1,7,21,1287300,241,0
-0.52,-0.51,-0.9,0,21.19426,0,41.4,41.4,65.7,7,21,1287400,241,0
-0.48,-0.44,-0.5,0,19.692348,0,43.7,43.7,60.8,8,21,1287500,241,0
-0.66,-0.25,-0.52,0,18.524235,0,0.2,0.2,34.7,8,21,1287600,241,0
-0.74,-0.25,-0.65,0,17.60616,0,-7.7,-7.7,-16.5,8,21,1287700,241,0
-0.77,-0.18,-1.01,0,14.853433,0,-6.4,-6.4,-88.1,8,21,1287800,241,0
-0.2,-0.28,-0.76,0,13.936187,0,-6,-6,-134.6,8,21,1287900,241,0
0.03,-0.35,-0.83,0,10.850583,0,64.1,64.1,-91.6,8,21,1288000,241,0
0.11,-0.62,-1.12,0,11.18443,0,60.8,60.8,-85.4,8,21,1288100,241,0
-0.15,-1.01,-1.23,0,9.433737,0,-17.3,-17.3,-73.9,8,21,1288200,241,0
-0.4,-0.86,-0.88,0,9.433737,0,-61.3,-61.3,-62.3,8,21,1288300,241,0
-0.09,-0.62,-0.84,0,6.6831694,0,-104.3,-104.3,-46.3,8,21,1288400,241,0
0.1,-0.35,-1.34,0,3.932825,0,-36.3,-36.3,-21.9,8,21,1288500,242,0
0.7,-1.2,-2.27,0,4.8496933,0,-21,-21,-44.8,8,21,1288600,242,0
0,-0.55,-0.68,0,3.5997124,0,34.7,34.7,15.5,8,21,1288700,242,0
1.02,-1.26,-0.88,0,4.8496933,0,-0.1,-0.1,0.8,8,21,1288800,242,0
0.27,-0.38,-0.78,0,4.8496933,0,-32,-32,-37.3,8,21,1288900,242,0
-0.13,-0.2,-0.84,0,3.932825,0,-4.7,-4.7,2.5,8,21,1289000,242,0
0.19,-0.49,-0.85,0,4.8496933,0,13.8,13.8,26.5,8,21,1289100,242,0
0.3,-0.63,-0.83,0,4.8496933,0,-5.7,-5.7,2.4,8,21,1289200,242,0
0.04,-0.44,-0.84,0,4.8496933,0,-11.4,-11.4,-3,8,21,1289300,242,0
0.15,-0.43,-0.84,0,4.8496933,0,-1,-1,2.5,8,21,1289400,242,0
0.17,-0.55,-0.83,0,4.8496933,0,-3.8,-3.8,2.5,8,21,1289500,242,0
0.11,-0.44,-0.84,0,5.766139,0,-5.2,-5.2,2.1,8,21,1289600,242,0
0.15,-0.51,-0.84,0,4.8496933,0,-1.6,-1.6,2.2,8,21,1289700,242,0
0.16,-0.49,-0.83,0,3.932825,0,-5.5,-5.5,2.2,8,21,1289800,242,0
0.13,-0.47,-0.84,0,4.8496933,0,-2.8,-2.8,2.4,8,21,1289900,242,0
0.16,-0.5,-0.84,0,5.182846,0,-4.5,-4.5,2.2,8,21,1290000,242,0
0.13,-0.47,-0.84,0,4.266451,0,-4,-4,2.4,8,21,1290100,242,0
0.15,-0.49,-0.83,0,4.8496933,0,-3.8,-3.8,2.4,8,21,1290200,242,0
0.14,-0.48,-0.83,0,4.8496933,0,-4.3,-4.3,2.3,8,21,1290300,242,0
0.13,-0.49,-0.83,0,4.8496933,0,-3.9,-3.9,2.4,8,21,1290400,242,0
0.15,-0.48,-0.83,0,4.8496933,0,-4.1,-4.1,2.5,8,21,1290500,242,0
0.12,-0.5,-0.84,0,4.8496933,0,-3.7,-3.7,2.4,8,21,1290600,242,0
0.14,-0.48,-0.83,0,4.8496933,0,-4.2,-4.2,2.2,8,21,1290700,242,0
0.12,-0.49,-0.83,0,3.932825,0,-3.2,-3.2,2.4,8,21,1290800,242,0
0.15,-0.49,-0.83,0,4.8496933,0,-4.1,-4.1,2.4,8,21,1290900,242,0
0.12,-0.48,-0.84,0,4.8496933,0,-3.4,-3.4,2.4,8,21,1291000,242,0
0.16,-0.48,-0.84,0,5.182846,0,-4,-4,2.3,8,21,1291100,242,0
0.14,-0.48,-0.84,0,4.8496933,0,-3.7,-3.7,2.4,8,21,1291200,242,0
0.15,-0.48,-0.83,0,5.182846,0,-4,-4,2.4,8,21,1291300,242,0
0.14,-0.48,-0.84,0,5.766139,0,-3.8,-3.8,2.4,8,21,1291400,242,0
0.14,-0.48,-0.84,0,5.182846,0,-3.8,-3.8,2.5,8,21,1291500,242,0
0.15,-0.48,-0.83,0,3.932825,0,-3.9,-3.9,2.4,8,21,1291600,242,0
0.14,-0.48,-0.84,0,4.8496933,0,-4.1,-4.1,2.3,8,21,1291700,242,0
0.14,-0.49,-0.83,0,5.766139,0,-3.9,-3.9,2.4,8,21,1291800,242,0
0.13,-0.49,-0.83,0,4.266451,0,-4,-4,2.5,8,21,1291900,242,0
0.15,-0.48,-0.84,0,5.182846,0,-3.8,-3.8,2.2,8,21,1292000,242,0
0.14,-0.49,-0.83,0,4.266451,0,-4.1,-4.1,2.4,8,21,1292100,242,0
0.14,-0.48,-0.83,0,5.182846,0,-3.7,-3.7,2.2,8,21,1292200,243,0
0.14,-0.49,-0.83,0,4.8496933,0,-3.8,-3.8,2.4,8,21,1292300,243,0
0.15,-0.48,-0.84,0,4.8496933,0,-4.1,-4.1,2.4,8,21,1292400,243,0
0.14,-0.48,-0.83,0,4.8496933,0,-3.8,-3.8,2.2,8,21,1292500,243,0
0.15,-0.48,-0.84,0,5.182846,0,-4,-4,2.2,8,21,1292600,243,0
0.14,-0.49,-0.84,0,5.182846,0,-3.7,-3.7,2.4,8,21,1292700,243,0
0.15,-0.48,-0.84,0,3.932825,0,-4.1,-4.1,2.5,8,21,1292800,243,0
0.14,-0.48,-0.83,0,3.932825,0,-3.7,-3.7,2.4,8,21,1292900,243,0
0.15,-0.48,-0.83,0,5.182846,0,-3.8,-3.8,2.4,8,21,1293000,243,0
0.14,-0.48,-0.83,0,5.182846,0,-3.9,-3.9,2.4,8,21,1293100,243,0
0.15,-0.49,-0.84,0,5.182846,0,-3.8,-3.8,2.3,8,21,1293200,243,0
0.14,-0.48,-0.83,0,5.182846,0,-3.8,-3.8,2.4,8,21,1293300,243,0
0.16,-0.48,-0.83,0,4.266451,0,-3.8,-3.8,2.2,8,21,1293400,243,0
0.14,-0.49,-0.84,0,5.182846,0,-4.1,-4.1,2.4,8,21,1293500,243,0
0.15,-0.48,-0.84,0,5.182846,0,-3.8,-3.8,2.4,8,21,1293600,243,0
0.14,-0.48,-0.83,0,4.8496933,0,-3.9,-3.9,2.4,8,21,1293700,243,0
0.14,-0.48,-0.83,0,3.932825,0,-3.7,-3.7,2.4,8,21,1293800,243,0
0.15,-0.48,-0.83,0,3.932825,0,-4,-4,2.4,8,21,1293900,243,0
0.14,-0.48,-0.83,0,6.099824,0,-3.9,-3.9,2.4,8,21,1294000,243,0
0.14,-0.49,-0.84,0,3.932825,0,-4,-4,2.2,8,21,1294100,243,0
0.15,-0.48,-0.83,0,4.266451,0,-3.9,-3.9,2.3,8,21,1294200,243,0
0.13,-0.49,-0.83,0,5.182846,0,-4,-4,2.4,8,21,1294300,243,0
0.16,-0.48,-0.83,0,5.182846,0,-3.8,-3.8,2.3,8,21,1294400,243,0
0.13,-0.49,-0.83,0,5.182846,0,-3.7,-3.7,2.2,8,21,1294500,243,0
0.16,-0.48,-0.83,0,5.182846,0,-4,-4,2.4,8,21,1294600,243,0
0.13,-0.48,-0.83,0,4.8496933,0,-3.8,-3.8,2.4,8,21,1294700,243,0
0.15,-0.48,-0.83,0,5.182846,0,-3.9,-3.9,2.2,8,21,1294800,243,0
0.13,-0.49,-0.83,0,4.266451,0,-3.7,-3.7,2.3,8,21,1294900,243,0
0.15,-0.48,-0.83,0,4.8496933,0,-4,-4,2.4,8,21,1295000,243,0
0.14,-0.49,-0.83,0,4.8496933,0,-3.8,-3.8,2.5,8,21,1295100,243,0
0.14,-0.49,-0.83,0,5.182846,0,-3.9,-3.9,2.3,8,21,1295200,243,0
0.15,-0.48,-0.84,0,4.8496933,0,-4,-4,2.4,8,21,1295300,243,0
0.13,-0.49,-0.83,0,4.8496933,0,-4,-4,2.3,8,21,1295400,243,0
0.15,-0.47,-0.84,0,5.182846,0,-3.6,-3.6,2.4,8,21,1295500,243,0
0.14,-0.5,-0.84,0,5.182846,0,-3.6,-3.6,2.4,8,21,1295600,243,0
0.15,-0.48,-0.83,0,4.8496933,0,-4.5,-4.5,2.4,8,21,1295700,244,0
0.14,-0.48,-0.83,0,5.766139,0,-3.5,-3.5,2.2,8,21,1295800,244,0
0.14,-0.48,-0.84,0,4.8496933,0,-4.3,-4.3,2.4,8,21,1295900,244,0
0.15,-0.48,-0.83,0,6.099824,0,-3.4,-3.4,2.4,8,21,1296000,244,0
0.14,-0.49,-0.84,0,4.266451,0,-4.3,-4.3,2.2,8,21,1296100,244,0
0.15,-0.47,-0.83,0,4.266451,0,-3.7,-3.7,2.4,8,21,1296200,244,0
0.14,-0.49,-0.84,0,3.932825,0,-3.7,-3.7,2.5,8,21,1296300,244,0
0.15,-0.48,-0.83,0,5.182846,0,-4.1,-4.1,2.4,8,21,1296400,244,0
0.14,-0.48,-0.83,0,4.8496933,0,-3.8,-3.8,2.3,8,21,1296500,244,0
0.15,-0.48,-0.83,0,5.182846,0,-3.8,-3.8,2.3,8,21,1296600,244,0
0.15,-0.49,-0.84,0,4.8496933,0,-3.8,-3.8,2.4,8,21,1296700,244,0
0.14,-0.48,-0.84,0,4.8496933,0,-3.7,-3.7,2.4,8,21,1296800,244,0
0.15,-0.48,-0.83,0,4.8496933,0,-3.8,-3.8,2.4,8,21,1296900,244,0
0.15,-0.48,-0.83,0,3.932825,0,-4,-4,2.4,8,21,1297000,244,0
0.14,-0.48,-0.83,0,4.266451,0,-4,-4,2.5,8,21,1297100,244,0
0.14,-0.49,-0.83,0,5.182846,0,-3.8,-3.8,2.2,8,21,1297200,244,0
0.15,-0.48,-0.84,0,4.266451,0,-4.1,-4.1,2.4,8,21,1297300,244,0
0.14,-0.49,-0.84,0,3.932825,0,-3.7,-3.7,2.3,8,21,1297400,244,0
0.15,-0.48,-0.84,0,3.932825,0,-4.2,-4.2,2.3,8,21,1297500,244,0
0.13,-0.48,-0.83,0,5.182846,0,-3.8,-3.8,2.4,8,21,1297600,244,0
0.15,-0.48,-0.83,0,4.8496933,0,-3.9,-3.9,2.4,8,21,1297700,244,0
0.15,-0.48,-0.83,0,4.8496933,0,-3.8,-3.8,2.4,8,21,1297800,244,0
0.15,-0.49,-0.83,0,3.932825,0,-4.1,-4.1,2.2,8,21,1297900,244,0
0.13,-0.49,-0.84,0,5.182846,0,-3.9,-3.9,2.4,8,21,1298000,244,0
0.14,-0.49,-0.84,0,4.266451,0,-3.7,-3.7,2.4,8,21,1298100,244,0
0.15,-0.48,-0.83,0,5.182846,0,-3.9,-3.9,2.3,8,21,1298200,244,0
0.15,-0.48,-0.83,0,5.182846,0,-4,-4,2.4,8,21,1298300,244,0
0.14,-0.49,-0.83,0,4.266451,0,-3.8,-3.8,2.4,8,21,1298400,244,0
0.15,-0.48,-0.83,0,3.932825,0,-3.6,-3.6,2.4,8,21,1298500,244,0
0.14,-0.48,-0.83,0,5.182846,0,-4.2,-4.2,2.4,8,21,1298600,244,0
0.14,-0.48,-0.83,0,5.182846,0,-3.4,-3.4,2.2,8,21,1298700,244,0
0.14,-0.49,-0.84,0,5.182846,0,-4,-4,2.4,8,21,1298800,244,0
0.14,-0.48,-0.83,0,5.182846,0,-3.9,-3.9,2.5,8,21,1298900,244,0
0.14,-0.49,-0.83,0,5.182846,0,-3.7,-3.7,2.3,8,21,1299000,244,0
0.15,-0.48,-0.83,0,5.182846,0,-4,-4,2.4,8,21,1299100,245,0
0.14,-0.48,-0.83,0,4.266451,0,-3.8,-3.8,2.4,8,21,1299200,245,0
0.14,-0.49,-0.84,0,4.8496933,0,-4,-4,2.4,8,21,1299300,245,0
0.15,-0.48,-0.83,0,4.266451,0,-3.8,-3.8,2.4,8,21,1299400,245,0
0.14,-0.49,-0.83,0,4.8496933,0,-3.9,-3.9,2.4,8,21,1299500,245,0
0.15,-0.49,-0.83,0,4.266451,0,-3.8,-3.8,2.3,8,21,1299600,245,0
0.14,-0.48,-0.83,0,3.932825,0,-4,-4,2.2,8,21,1299700,245,0
0.15,-0.48,-0.83,0,3.932825,0,-4.1,-4.1,2.4,8,21,1299800,245,0
0.13,-0.48,-0.83,0,5.182846,0,-3.8,-3.8,2.3,8,21,1299900,245,0
0.16,-0.48,-0.84,0,5.182846,0,-3.9,-3.9,2.3,8,21,1300000,245,0
0.13,-0.48,-0.83,0,4.8496933,0,-4.2,-4.2,2.2,8,21,1300100,245,0
0.15,-0.49,-0.83,0,4.8496933,0,-3.7,-3.7,2.3,8,21,1300200,245,0
0.14,-0.48,-0.83,0,4.8496933,0,-4,-4,2.3,8,21,1300300,245,0
0.15,-0.48,-0.83,0,4.8496933,0,-3.9,-3.9,2.5,8,21,1300400,245,0
0.14,-0.49,-0.84,0,4.8496933,0,-4,-4,2.2,8,21,1300500,245,0
0.14,-0.48,-0.83,0,4.8496933,0,-3.8,-3.8,2.2,8,21,1300600,245,0
0.15,-0.49,-0.83,0,5.182846,0,-3.9,-3.9,2.3,8,21,1300700,245,0
0.15,-0.48,-0.83,0,4.8496933,0,-4,-4,2.4,8,21,1300800,245,0
0.15,-0.48,-0.84,0,3.932825,0,-3.7,-3.7,2.3,8,21,1300900,245,0
0.14,-0.48,-0.83,0,4.8496933,0,-4,-4,2.2,8,21,1301000,245,0
0.15,-0.48,-0.83,0,3.932825,0,-3.8,-3.8,2.2,8,21,1301100,245,0
0.14,-0.48,-0.84,0,4.266451,0,-3.8,-3.8,2.4,8,21,1301200,245,0
0.14,-0.48,-0.84,0,4.8496933,0,-4.1,-4.1,2.4,8,21,1301300,245,0
0.14,-0.48,-0.83,0,4.8496933,0,-3.9,-3.9,2.2,8,21,1301400,245,0
0.14,-0.48,-0.84,0,5.182846,0,-3.9,-3.9,2.5,8,21,1301500,245,0
0.15,-0.48,-0.83,0,3.932825,0,-3.8,-3.8,2.2,8,21,1301600,245,0
0.14,-0.48,-0.83,0,4.8496933,0,-3.9,-3.9,2.4,8,21,1301700,245,0
0.14,-0.49,-0.83,0,5.182846,0,-3.9,-3.9,2.4,8,21,1301800,245,0
0.14,-0.48,-0.83,0,4.8496933,0,-4,-4,2.4,8,21,1301900,245,0
0.14,-0.48,-0.83,0,4.8496933,0,-3.5,-3.5,2.4,8,21,1302000,245,0
0.15,-0.48,-0.84,0,4.8496933,0,-4.7,-4.7,2.4,8,21,1302100,245,0
0.13,-0.48,-0.84,0,4.8496933,0,-3.3,-3.3,2.5,8,21,1302200,245,0
0.16,-0.49,-0.83,0,3.932825,0,-4.1,-4.1,2.4,8,21,1302300,245,0
0.14,-0.48,-0.83,0,5.182846,0,-3.6,-3.6,2.4,8,21,1302400,245,0
0.15,-0.49,-0.83,0,4.8496933,0,-4.4,-4.4,2.4,8,21,1302500,246,0
0.13,-0.48,-0.83,0,3.932825,0,-3.8,-3.8,2.4,8,21,1302600,246,0
0.15,-0.49,-0.84,0,4.8496933,0,-3.8,-3.8,2.4,8,21,1302700,246,0
0.14,-0.48,-0.83,0,4.8496933,0,-3.8,-3.8,2.2,8,21,1302800,246,0
0.14,-0.49,-0.83,0,4.8496933,0,-3.9,-3.9,2.3,8,21,1302900,246,0
0.15,-0.48,-0.83,0,4.8496933,0,-3.8,-3.8,2.4,8,21,1303000,246,0
0.14,-0.48,-0.83,0,4.266451,0,-4.1,-4.1,2.3,8,21,1303100,246,0
0.15,-0.48,-0.84,0,4.8496933,0,-3.7,-3.7,2.5,8,21,1303200,246,0
0.14,-0.49,-0.83,0,4.8496933,0,-4.1,-4.1,2.3,8,21,1303300,246,0
0.15,-0.48,-0.83,0,4.8496933,0,-3.6,-3.6,2.2,8,21,1303400,246,0
0.14,-0.49,-0.84,0,4.8496933,0,-4.2,-4.2,2.3,8,21,1303500,246,0
0.15,-0.49,-0.83,0,4.266451,0,-3.6,-3.6,2.3,8,21,1303600,246,0
0.14,-0.49,-0.84,0,4.8496933,0,-4.4,-4.4,2.3,8,21,1303700,246,0
0.14,-0.48,-0.84,0,4.8496933,0,-3.3,-3.3,2.3,8,21,1303800,246,0
0.14,-0.48,-0.83,0,4.8496933,0,-4.1,-4.1,2.5,8,21,1303900,246,0
0.15,-0.48,-0.83,0,3.932825,0,-3.7,-3.7,2.3,8,21,1304000,246,0
0.15,-0.49,-0.83,0,3.932825,0,-3.9,-3.9,2.4,8,21,1304100,246,0
0.14,-0.49,-0.83,0,4.8496933,0,-3.9,-3.9,2.4,8,21,1304200,246,0
0.14,-0.48,-0.84,0,4.8496933,0,-3.7,-3.7,2.2,8,21,1304300,246,0
0.14,-0.49,-0.83,0,3.932825,0,-4.3,-4.3,2.4,8,21,1304400,246,0
0.15,-0.48,-0.83,0,3.932825,0,-3.7,-3.7,2.4,8,21,1304500,246,0
0.14,-0.49,-0.84,0,3.932825,0,-4,-4,2.4,8,21,1304600,246,0
0.15,-0.48,-0.83,0,4.8496933,0,-3.7,-3.7,2.4,8,21,1304700,246,0
0.14,-0.49,-0.83,0,4.8496933,0,-4.1,-4.1,2.2,8,21,1304800,246,0
0.14,-0.48,-0.83,0,4.8496933,0,-3.5,-3.5,2.2,8,21,1304900,246,0
0.15,-0.48,-0.83,0,4.8496933,0,-4.4,-4.4,2.4,8,21,1305000,246,0
0.15,-0.49,-0.84,0,3.932825,0,-3.4,-3.4,2.4,8,21,1305100,246,0
0.14,-0.47,-0.84,0,4.8496933,0,-4.1,-4.1,2.3,8,21,1305200,246,0
0.15,-0.49,-0.83,0,4.8496933,0,-3.8,-3.8,2.2,8,21,1305300,246,0
0.15,-0.48,-0.84,0,3.5997124,0,-3.9,-3.9,2.4,8,21,1305400,246,0
0.15,-0.48,-0.83,0,4.8496933,0,-3.9,-3.9,2.4,8,21,1305500,246,0
0.15,-0.48,-0.84,0,4.8496933,0,-3.7,-3.7,2.2,8,21,1305600,246,0
0.15,-0.48,-0.84,0,4.8496933,0,-3.9,-3.9,2.4,8,21,1305700,247,0
0.15,-0.49,-0.83,0,4.8496933,0,-4,-4,2.3,8,21,1305800,247,0
0.14,-0.48,-0.83,0,4.8496933,0,-3.8,-3.8,2.3,8,21,1305900,247,0
0.14,-0.49,-0.83,0,4.8496933,0,-4.1,-4.1,2.3,8,21,1306000,247,0
0.15,-0.48,-0.84,0,3.932825,0,-3.8,-3.8,2.4,8,21,1306100,247,0
0.14,-0.49,-0.83,0,4.8496933,0,-4.1,-4.1,2.4,8,21,1306200,247,0
0.15,-0.48,-0.83,0,4.8496933,0,-3.7,-3.7,2.4,8,21,1306300,247,0
0.14,-0.49,-0.83,0,4.8496933,0,-4.2,-4.2,2.3,8,21,1306400,247,0
0.15,-0.48,-0.83,0,4.8496933,0,-3.9,-3.9,2.5,8,21,1306500,247,0
0.14,-0.49,-0.84,0,4.8496933,0,-4,-4,2.4,8,21,1306600,247,0
0.15,-0.48,-0.83,0,4.8496933,0,-3.8,-3.8,2.4,8,21,1306700,247,0
0.14,-0.49,-0.84,0,5.182846,0,-4.1,-4.1,2.4,8,21,1306800,247,0
0.15,-0.48,-0.83,0,4.8496933,0,-3.6,-3.6,2.4,8,21,1306900,247,0
0.14,-0.48,-0.83,0,4.8496933,0,-4.1,-4.1,2.3,8,21,1307000,247,0
0.15,-0.49,-0.84,0,4.516552,0,-3.4,-3.4,2.2,8,21,1307100,247,0
0.15,-0.49,-0.83,0,4.8496933,0,-4.3,-4.3,2.3,8,21,1307200,247,0
0.15,-0.48,-0.83,0,4.8496933,0,-3.7,-3.7,2.3,8,21,1307300,247,0
0.14,-0.49,-0.83,0,4.8496933,0,-4,-4,2.3,8,21,1307400,247,0
0.15,-0.48,-0.83,0,4.8496933,0,-4,-4,2.3,8,21,1307500,247,0
0.13,-0.49,-0.83,0,4.8496933,0,-4,-4,2.4,8,21,1307600,247,0
0.15,-0.48,-0.83,0,4.8496933,0,-3.9,-3.9,2.4,8,21,1307700,247,0
0.14,-0.49,-0.84,0,4.8496933,0,-3.8,-3.8,2.3,8,21,1307800,247,0
0.15,-0.47,-0.83,0,4.8496933,0,-4.1,-4.1,2.5,8,21,1307900,247,0
0.14,-0.49,-0.83,0,4.8496933,0,-3.7,-3.7,2.3,8,21,1308000,247,0
0.15,-0.48,-0.84,0,4.8496933,0,-4.1,-4.1,2.3,8,21,1308100,247,0
0.14,-0.49,-0.84,0,4.8496933,0,-3.7,-3.7,2.3,8,21,1308200,247,0
0.15,-0.48,-0.84,0,5.766139,0,-4.1,-4.1,2.4,8,21,1308300,247,0
0.14,-0.49,-0.83,0,4.8496933,0,-3.6,-3.6,2.4,8,21,1308400,247,0
0.15,-0.48,-0.83,0,4.8496933,0,-4.1,-4.1,2.3,8,21,1308500,247,0
0.14,-0.49,-0.84,0,4.8496933,0,-3.8,-3.8,2.4,8,21,1308600,247,0
0.15,-0.48,-0.83,0,4.516552,0,-4,-4,2.4,8,21,1308700,247,0
0.16,-0.48,-0.84,0,4.8496933,0,-3.8,-3.8,2.4,8,21,1308800,247,0
0.13,-0.49,-0.84,0,3.932825,0,-4.4,-4.4,2.3,8,21,1308900,248,0
0.15,-0.48,-0.84,0,3.932825,0,-3.5,-3.5,2.4,8,21,1309000,248,0
0.14,-0.48,-0.83,0,4.8496933,0,-4.3,-4.3,2.4,8,21,1309100,248,0
0.16,-0.48,-0.83,0,4.8496933,0,-3.5,-3.5,2.3,8,21,1309200,248,0
0.14,-0.49,-0.83,0,5.766139,0,-4.2,-4.2,2.2,8,21,1309300,248,0
0.16,-0.46,-0.83,0,4.516552,0,-3.8,-3.8,2.4,8,21,1309400,248,0
0.14,-0.5,-0.83,0,4.8496933,0,-3.8,-3.8,2.2,8,21,1309500,248,0
0.15,-0.47,-0.83,0,5.766139,0,-4,-4,2.4,8,21,1309600,248,0
0.15,-0.49,-0.84,0,3.5997124,0,-3.6,-3.6,2.3,8,21,1309700,248,0
0.15,-0.48,-0.83,0,5.766139,0,-4.3,-4.3,2.3,8,21,1309800,248,0
0.15,-0.48,-0.83,0,4.8496933,0,-3.7,-3.7,2.4,8,21,1309900,248,0
0.15,-0.49,-0.83,0,3.932825,0,-4.1,-4.1,2.4,8,21,1310000,248,0
0.15,-0.48,-0.84,0,3.932825,0,-4,-4,2.3,8,21,1310100,248,0
0.14,-0.49,-0.83,0,4.8496933,0,-3.6,-3.6,2.5,8,21,1310200,248,0
0.14,-0.48,-0.83,0,4.8496933,0,-4,-4,2.4,8,21,1310300,248,0
0.15,-0.48,-0.83,0,4.8496933,0,-3.8,-3.8,2.3,8,21,1310400,248,0
0.14,-0.49,-0.83,0,4.516552,0,-4.4,-4.4,2.4,8,21,1310500,248,0
0.14,-0.48,-0.83,0,4.8496933,0,-3.7,-3.7,2.3,8,21,1310600,248,0
0.14,-0.49,-0.83,0,4.8496933,0,-4,-4,2.2,8,21,1310700,248,0
0.15,-0.48,-0.84,0,3.932825,0,-3.8,-3.8,2.3,8,21,1310800,248,0
0.15,-0.49,-0.83,0,3.5997124,0,-4.1,-4.1,2.2,8,21,1310900,248,0
0.14,-0.47,-0.83,0,4.516552,0,-4.3,-4.3,2.4,8,21,1311000,248,0
0.14,-0.49,-0.83,0,4.8496933,0,-3.8,-3.8,2.2,8,21,1311100,248,0
0.14,-0.48,-0.84,0,4.516552,0,-3.7,-3.7,2.2,8,21,1311200,248,0
0.14,-0.49,-0.83,0,4.516552,0,-4.2,-4.2,2.2,8,21,1311300,248,0
0.14,-0.47,-0.84,0,4.8496933,0,-3.7,-3.7,2.4,8,21,1311400,248,0
0.15,-0.49,-0.83,0,4.516552,0,-4.1,-4.1,2.4,8,21,1311500,248,0
0.14,-0.47,-0.83,0,5.766139,0,-3.9,-3.9,2.4,8,21,1311600,248,0
0.14,-0.5,-0.83,0,4.516552,0,-4,-4,2.2,8,21,1311700,248,0
0.14,-0.47,-0.83,0,3.5997124,0,-4,-4,2.7,8,21,1311800,248,0
0.14,-0.5,-0.83,0,4.516552,0,-3.7,-3.7,2.5,8,21,1311900,248,0
0.15,-0.47,-0.83,0,5.432968,0,-4.1,-4.1,2.5,8,21,1312000,248,0
0.15,-0.5,-0.84,0,5.432968,0,-3.6,-3.6,2.4,8,21,1312100,249,0
0.16,-0.47,-0.83,0,3.932825,0,-4.1,-4.1,2.1,8,21,1312200,249,0
0.13,-0.49,-0.83,0,4.8496933,0,-3.6,-3.6,2.4,8,21,1312300,249,0
0.15,-0.48,-0.83,0,4.8496933,0,-4.2,-4.2,2.4,8,21,1312400,249,0
0.13,-0.49,-0.84,0,4.516552,0,-3.6,-3.6,2.4,8,21,1312500,249,0
0.15,-0.48,-0.84,0,4.516552,0,-4,-4,2.4,8,21,1312600,249,0
0.15,-0.49,-0.83,0,4.516552,0,-3.7,-3.7,2.4,8,21,1312700,249,0
0.14,-0.48,-0.83,0,4.516552,0,-4,-4,2.2,8,21,1312800,249,0
0.16,-0.48,-0.83,0,4.516552,0,-3.7,-3.7,2.4,8,21,1312900,249,0
0.13,-0.49,-0.83,0,3.5997124,0,-3.9,-3.9,2.2,8,21,1313000,249,0
0.16,-0.48,-0.83,0,5.432968,0,-3.8,-3.8,2.5,8,21,1313100,249,0
0.13,-0.48,-0.84,0,4.516552,0,-3.9,-3.9,2.3,8,21,1313200,249,0
0.16,-0.48,-0.83,0,4.516552,0,-3.8,-3.8,2.2,8,21,1313300,249,0
0.14,-0.49,-0.83,0,4.516552,0,-3.8,-3.8,2.2,8,21,1313400,249,0
0.14,-0.48,-0.83,0,5.432968,0,-3.9,-3.9,2.3,8,21,1313500,249,0
0.14,-0.49,-0.84,0,4.516552,0,-3.7,-3.7,2.3,8,21,1313600,249,0
0.14,-0.48,-0.83,0,4.516552,0,-3.8,-3.8,2.3,8,21,1313700,249,0
0.15,-0.49,-0.83,0,5.766139,0,-3.9,-3.9,2.4,8,21,1313800,249,0
0.14,-0.48,-0.84,0,4.516552,0,-4,-4,2.3,8,21,1313900,249,0
0.15,-0.49,-0.83,0,4.516552,0,-3.5,-3.5,2.3,8,21,1314000,249,0
0.15,-0.48,-0.83,0,4.516552,0,-4.2,-4.2,2.2,8,21,1314100,249,0
0.15,-0.49,-0.83,0,4.8496933,0,-3.5,-3.5,2.2,8,21,1314200,249,0
0.16,-0.48,-0.83,0,4.516552,0,-4.3,-4.3,2.4,8,21,1314300,249,0
0.13,-0.49,-0.84,0,4.516552,0,-3.7,-3.7,2.3,8,21,1314400,249,0
0.15,-0.48,-0.83,0,5.432968,0,-4.2,-4.2,2.2,8,21,1314500,249,0
0.14,-0.48,-0.83,0,4.516552,0,-3.8,-3.8,2.4,8,21,1314600,249,0
0.15,-0.49,-0.83,0,4.516552,0,-3.7,-3.7,2.2,8,21,1314700,249,0
0.15,-0.48,-0.83,0,3.5997124,0,-4.3,-4.3,2.2,8,21,1314800,249,0
0.15,-0.49,-0.83,0,4.516552,0,-3.5,-3.5,2.4,8,21,1314900,249,0
0.13,-0.49,-0.83,0,4.516552,0,-4.1,-4.1,2.3,8,21,1315000,249,0
0.16,-0.48,-0.83,0,4.516552,0,-3.5,-3.5,2.4,8,21,1315100,249,0
0.15,-0.48,-0.83,0,4.516552,0,-4.3,-4.3,2.3,8,21,1315200,250,0
0.14,-0.48,-0.83,0,4.516552,0,-3.8,-3.8,2.3,8,21,1315300,250,0
0.14,-0.49,-0.83,0,4.516552,0,-4,-4,2.4,8,21,1315400,250,0
0.15,-0.48,-0.83,0,5.432968,0,-3.8,-3.8,2.3,8,21,1315500,250,0
0.14,-0.49,-0.84,0,4.516552,0,-3.8,-3.8,2.4,8,21,1315600,250,0
0.15,-0.48,-0.83,0,5.432968,0,-3.8,-3.8,2.4,8,21,1315700,250,0
0.15,-0.49,-0.83,0,3.5997124,0,-3.8,-3.8,2.2,8,21,1315800,250,0
0.14,-0.48,-0.83,0,5.432968,0,-3.9,-3.9,2.2,8,21,1315900,250,0
0.14,-0.49,-0.83,0,5.432968,0,-4,-4,2.3,8,21,1316000,250,0
0.15,-0.48,-0.84,0,3.5997124,0,-3.9,-3.9,2.4,8,21,1316100,250,0
0.14,-0.48,-0.84,0,4.1829176,0,-3.9,-3.9,2.2,8,21,1316200,250,0
0.14,-0.49,-0.83,0,4.516552,0,-3.9,-3.9,2.4,8,21,1316300,250,0
0.15,-0.48,-0.83,0,4.516552,0,-4.1,-4.1,2.4,8,21,1316400,250,0
0.14,-0.49,-0.83,0,4.516552,0,-3.6,-3.6,2.4,8,21,1316500,250,0
0.15,-0.48,-0.84,0,5.432968,0,-4.1,-4.1,2.4,8,21,1316600,250,0
0.14,-0.49,-0.83,0,4.516552,0,-4,-4,2.4,8,21,1316700,250,0
0.14,-0.49,-0.83,0,5.432968,0,-3.9,-3.9,2.3,8,21,1316800,250,0
0.15,-0.48,-0.84,0,4.1829176,0,-3.8,-3.8,2.4,8,21,1316900,250,0
0.14,-0.49,-0.83,0,4.1829176,0,-3.9,-3.9,2.2,8,21,1317000,250,0
0.15,-0.48,-0.83,0,4.1829176,0,-4.2,-4.2,2.2,8,21,1317100,250,0
0.14,-0.49,-0.84,0,4.516552,0,-3.5,-3.5,2.3,8,21,1317200,250,0
0.15,-0.48,-0.84,0,5.432968,0,-4.2,-4.2,2.5,8,21,1317300,250,0
0.14,-0.48,-0.83,0,5.432968,0,-3.5,-3.5,2.3,8,21,1317400,250,0
0.15,-0.48,-0.83,0,4.1829176,0,-4.1,-4.1,2.4,8,21,1317500,250,0
0.13,-0.48,-0.83,0,4.516552,0,-3.7,-3.7,2.4,8,21,1317600,250,0
0.16,-0.49,-0.83,0,4.516552,0,-3.9,-3.9,2.2,8,21,1317700,250,0
0.13,-0.47,-0.84,0,5.0998077,0,-4,-4,2.4,8,21,1317800,250,0
0.15,-0.49,-0.83,0,5.0998077,0,-3.5,-3.5,2.3,8,21,1317900,250,0
0.14,-0.48,-0.83,0,4.516552,0,-4.1,-4.1,2.3,8,21,1318000,250,0
0.15,-0.49,-0.84,0,4.1829176,0,-3.7,-3.7,2.4,8,21,1318100,250,0
0.14,-0.49,-0.83,0,4.1829176,0,-4.5,-4.5,2.3,8,21,1318200,251,0
0.14,-0.48,-0.84,0,5.432968,0,-3.8,-3.8,2.4,8,21,1318300,251,0
0.15,-0.49,-0.83,0,4.516552,0,-3.8,-3.8,2.4,8,21,1318400,251,0
0.13,-0.48,-0.83,0,5.0998077,0,-3.8,-3.8,2.4,8,21,1318500,251,0
0.15,-0.49,-0.84,0,5.432968,0,-3.8,-3.8,2.3,8,21,1318600,251,0
0.14,-0.48,-0.83,0,5.0998077,0,-4,-4,2.3,8,21,1318700,251,0
0.16,-0.48,-0.84,0,5.432968,0,-3.8,-3.8,2.4,8,21,1318800,251,0
0.14,-0.48,-0.84,0,4.1829176,0,-4.3,-4.3,2.3,8,21,1318900,251,0
0.14,-0.49,-0.83,0,4.1829176,0,-3.7,-3.7,2.3,8,21,1319000,251,0
0.15,-0.49,-0.83,0,4.516552,0,-3.8,-3.8,2.3,8,21,1319100,251,0
0.13,-0.48,-0.83,0,5.0998077,0,-3.9,-3.9,2.5,8,21,1319200,251,0
0.15,-0.49,-0.83,0,4.1829176,0,-3.8,-3.8,2.3,8,21,1319300,251,0
0.13,-0.48,-0.83,0,4.1829176,0,-4,-4,2.4,8,21,1319400,251,0
0.15,-0.49,-0.84,0,4.1829176,0,-3.5,-3.5,2.2,8,21,1319500,251,0
0.14,-0.48,-0.83,0,5.0998077,0,-4.3,-4.3,2.3,8,21,1319600,251,0
0.15,-0.49,-0.83,0,5.0998077,0,-3.5,-3.5,2.3,8,21,1319700,251,0
0.14,-0.49,-0.83,0,5.432968,0,-4.2,-4.2,2.4,8,21,1319800,251,0
0.15,-0.47,-0.83,0,4.1829176,0,-3.7,-3.7,2.4,8,21,1319900,251,0
0.16,-0.48,-0.83,0,4.1829176,0,-4.6,-4.6,2.3,8,21,1320000,251,0
0.15,-0.47,-0.83,0,5.0998077,0,-3.5,-3.5,2.2,8,21,1320100,251,0
0.15,-0.5,-0.83,0,5.0998077,0,-4.1,-4.1,2.3,8,21,1320200,251,0
0.14,-0.47,-0.83,0,4.1829176,0,-4,-4,2.4,8,21,1320300,251,0
0.16,-0.48,-0.83,0,3.8497972,0,-3.8,-3.8,2.5,8,21,1320400,251,0
0.14,-0.48,-0.83,0,4.1829176,0,-4.3,-4.3,2.3,8,21,1320500,251,0
0.15,-0.48,-0.84,0,4.1829176,0,-3.9,-3.9,2.2,8,21,1320600,251,0
0.14,-0.49,-0.84,0,4.1829176,0,-4,-4,2.5,8,21,1320700,251,0
0.14,-0.48,-0.83,0,4.1829176,0,-3.6,-3.6,2.3,8,21,1320800,251,0
0.13,-0.48,-0.83,0,5.0998077,0,-4.1,-4.1,2.3,8,21,1320900,251,0
0.14,-0.49,-0.83,0,4.1829176,0,-3.6,-3.6,2.4,8,21,1321000,251,0
0.14,-0.48,-0.83,0,5.0998077,0,-3.9,-3.9,2.3,8,21,1321100,251,0
0.15,-0.48,-0.83,0,5.0998077,0,-3.7,-3.7,2.3,8,21,1321200,252,0
0.14,-0.48,-0.83,0,4.1829176,0,-4,-4,2.4,8,21,1321300,252,0
0.15,-0.48,-0.83,0,4.1829176,0,-3.5,-3.5,2.3,8,21,1321400,252,0
0.14,-0.48,-0.83,0,5.0998077,0,-4.3,-4.3,2.3,8,21,1321500,252,0
0.15,-0.48,-0.83,0,5.0998077,0,-3.8,-3.8,2.3,8,21,1321600,252,0
0.14,-0.49,-0.84,0,5.0998077,0,-4.1,-4.1,2.4,8,21,1321700,252,0
0.15,-0.48,-0.84,0,5.0998077,0,-3.7,-3.7,2.5,8,21,1321800,252,0
0.15,-0.49,-0.83,0,5.0998077,0,-3.9,-3.9,2.5,8,21,1321900,252,0
0.14,-0.48,-0.83,0,5.0998077,0,-4.1,-4.1,2.3,8,21,1322000,252,0
0.14,-0.48,-0.83,0,3.8497972,0,-3.6,-3.6,2.3,8,21,1322100,252,0
0.14,-0.48,-0.83,0,4.1829176,0,-4.1,-4.1,2.4,8,21,1322200,252,0
0.15,-0.48,-0.83,0,4.1829176,0,-3.6,-3.6,2.2,8,21,1322300,252,0
0.14,-0.48,-0.84,0,5.0998077,0,-4,-4,2.3,8,21,1322400,252,0
0.16,-0.47,-0.83,0,5.0998077,0,-3.7,-3.7,2.3,8,21,1322500,252,0
0.14,-0.49,-0.83,0,4.1829176,0,-4.1,-4.1,2.3,8,21,1322600,252,0
0.15,-0.48,-0.83,0,5.0998077,0,-4,-4,2.3,8,21,1322700,252,0
0.14,-0.49,-0.83,0,4.1829176,0,-3.7,-3.7,2.3,8,21,1322800,252,0
0.15,-0.48,-0.84,0,5.0998077,0,-4,-4,2.3,8,21,1322900,252,0
0.14,-0.48,-0.84,0,4.1829176,0,-3.7,-3.7,2.4,8,21,1323000,252,0
0.15,-0.48,-0.83,0,4.1829176,0,-4.1,-4.1,2.2,8,21,1323100,252,0
0.15,-0.48,-0.84,0,5.0998077,0,-3.8,-3.8,2.2,8,21,1323200,252,0
0.15,-0.49,-0.84,0,6.0162764,0,-4.2,-4.2,2.4,8,21,1323300,252,0
0.15,-0.48,-0.83,0,3.266611,0,-3.6,-3.6,2.4,8,21,1323400,252,0
0.15,-0.49,-0.83,0,5.0998077,0,-4,-4,2.4,8,21,1323500,252,0
0.15,-0.48,-0.83,0,5.0998077,0,-4,-4,2.3,8,21,1323600,252,0
0.14,-0.49,-0.83,0,5.0998077,0,-3.8,-3.8,2.5,8,21,1323700,252,0
0.14,-0.48,-0.83,0,4.1829176,0,-4.2,-4.2,2.2,8,21,1323800,252,0
0.15,-0.49,-0.84,0,5.0998077,0,-3.4,-3.4,2.3,8,21,1323900,252,0
0.15,-0.48,-0.83,0,4.1829176,0,-4.3,-4.3,2.4,8,21,1324000,252,0
0.14,-0.48,-0.83,0,3.8497972,0,-3.4,-3.4,2.4,8,21,1324100,253,0
0.16,-0.49,-0.83,0,4.1829176,0,-4.2,-4.2,2.4,8,21,1324200,253,0
0.13,-0.48,-0.83,0,3.8497972,0,-3.7,-3.7,2.4,8,21,1324300,253,0
0.15,-0.49,-0.83,0,4.7661552,0,-4,-4,2.2,8,21,1324400,253,0
0.14,-0.48,-0.83,0,4.1829176,0,-3.8,-3.8,2.3,8,21,1324500,253,0
0.15,-0.49,-0.83,0,4.1829176,0,-3.9,-3.9,2.4,8,21,1324600,253,0
0.14,-0.48,-0.83,0,5.0998077,0,-4,-4,2.3,8,21,1324700,253,0
0.15,-0.48,-0.83,0,4.1829176,0,-3.7,-3.7,2.4,8,21,1324800,253,0
0.14,-0.49,-0.83,0,3.8497972,0,-4.2,-4.2,2.3,8,21,1324900,253,0
0.14,-0.48,-0.83,0,4.7661552,0,-3.7,-3.7,2.3,8,21,1325000,253,0
0.15,-0.48,-0.83,0,3.8497972,0,-4.1,-4.1,2.4,8,21,1325100,253,0
0.14,-0.48,-0.84,0,4.1829176,0,-3.8,-3.8,2.4,8,21,1325200,253,0
0.15,-0.48,-0.83,0,4.7661552,0,-4,-4,2.3,8,21,1325300,253,0
0.14,-0.48,-0.83,0,4.7661552,0,-3.8,-3.8,2.4,8,21,1325400,253,0
0.15,-0.48,-0.83,0,4.7661552,0,-3.8,-3.8,2.4,8,21,1325500,253,0
0.14,-0.49,-0.83,0,4.7661552,0,-3.8,-3.8,2.5,8,21,1325600,253,0
0.15,-0.48,-0.83,0,4.7661552,0,-3.8,-3.8,2.4,8,21,1325700,253,0
0.15,-0.48,-0.84,0,4.7661552,0,-3.8,-3.8,2.3,8,21,1325800,253,0
0.14,-0.48,-0.84,0,4.7661552,0,-4.1,-4.1,2.3,8,21,1325900,253,0
0.14,-0.49,-0.83,0,4.7661552,0,-3.5,-3.5,2.3,8,21,1326000,253,0
0.15,-0.48,-0.84,0,4.7661552,0,-4,-4,2.3,8,21,1326100,253,0
0.15,-0.48,-0.83,0,4.7661552,0,-3.7,-3.7,2.5,8,21,1326200,253,0
0.14,-0.49,-0.83,0,4.7661552,0,-4,-4,2.4,8,21,1326300,253,0
0.15,-0.48,-0.83,0,3.8497972,0,-4.1,-4.1,2.4,8,21,1326400,253,0
0.14,-0.49,-0.83,0,4.7661552,0,-3.7,-3.7,2.3,8,21,1326500,253,0
0.15,-0.48,-0.83,0,4.7661552,0,-4.3,-4.3,2.4,8,21,1326600,253,0
0.15,-0.49,-0.83,0,4.7661552,0,-3.5,-3.5,2.3,8,21,1326700,253,0
0.14,-0.48,-0.84,0,3.8497972,0,-4.1,-4.1,2.4,8,21,1326800,253,0
0.15,-0.48,-0.83,0,3.8497972,0,-3.7,-3.7,2.2,8,21,1326900,253,0
0.14,-0.48,-0.83,0,4.7661552,0,-4.1,-4.1,2.4,8,21,1327000,254,0
0.15,-0.48,-0.83,0,4.7661552,0,-3.7,-3.7,2.4,8,21,1327100,254,0
0.14,-0.48,-0.84,0,3.5166883,0,-4,-4,2.2,8,21,1327200,254,0
0.15,-0.48,-0.83,0,4.7661552,0,-3.9,-3.9,2.4,8,21,1327300,254,0
0.14,-0.49,-0.83,0,4.7661552,0,-3.7,-3.7,2.3,8,21,1327400,254,0
0.15,-0.48,-0.83,0,4.7661552,0,-4.1,-4.1,2.3,8,21,1327500,254,0
0.15,-0.48,-0.83,0,4.7661552,0,-3.7,-3.7,2.3,8,21,1327600,254,0
0.14,-0.49,-0.83,0,5.3494253,0,-4,-4,2.3,8,21,1327700,254,0
0.14,-0.48,-0.83,0,4.7661552,0,-4.1,-4.1,2.4,8,21,1327800,254,0
0.15,-0.48,-0.83,0,4.7661552,0,-4.2,-4.2,2.4,8,21,1328000,254,0
0.15,-0.48,-0.83,0,4.7661552,0,-3.7,-3.7,2.2,8,21,1328100,254,0
0.14,-0.49,-0.83,0,4.7661552,0,-4.1,-4.1,2.4,8,21,1328200,254,0
0.15,-0.47,-0.83,0,4.7661552,0,-3.7,-3.7,2.5,8,21,1328300,254,0
0.14,-0.49,-0.83,0,4.7661552,0,-4,-4,2.4,8,21,1328400,254,0
0.15,-0.48,-0.83,0,4.7661552,0,-3.9,-3.9,2.3,8,21,1328500,254,0
0.14,-0.49,-0.84,0,4.433017,0,-4,-4,2.4,8,21,1328600,254,0
0.15,-0.48,-0.83,0,5.3494253,0,-3.8,-3.8,2.4,8,21,1328700,254,0
0.14,-0.49,-0.83,0,4.433017,0,-3.8,-3.8,2.4,8,21,1328800,254,0
0.15,-0.48,-0.83,0,4.433017,0,-3.8,-3.8,2.5,8,21,1328900,254,0
0.14,-0.49,-0.83,0,4.433017,0,-4,-4,2.4,8,21,1329000,254,0
0.15,-0.48,-0.83,0,4.7661552,0,-3.8,-3.8,2.2,8,21,1329100,254,0
0.14,-0.49,-0.83,0,4.433017,0,-3.9,-3.9,2.2,8,21,1329200,254,0
0.15,-0.48,-0.83,0,5.3494253,0,-3.9,-3.9,2.3,8,21,1329300,254,0
0.14,-0.49,-0.83,0,5.3494253,0,-3.9,-3.9,2.3,8,21,1329400,254,0
0.15,-0.48,-0.83,0,4.433017,0,-4,-4,2.2,8,21,1329500,254,0
0.14,-0.49,-0.83,0,4.7661552,0,-3.7,-3.7,2.4,8,21,1329600,254,0
0.15,-0.48,-0.84,0,4.433017,0,-4.1,-4.1,2.2,8,21,1329700,254,0
0.14,-0.49,-0.83,0,4.7661552,0,-3.6,-3.6,2.2,8,21,1329800,254,0
0.15,-0.48,-0.83,0,5.3494253,0,-4.2,-4.2,2.4,8,21,1329900,255,0
0.14,-0.49,-0.83,0,4.433017,0,-3.5,-3.5,2.4,8,21,1330000,255,0
0.15,-0.48,-0.83,0,5.3494253,0,-4.3,-4.3,2.4,8,21,1330100,255,0
0.14,-0.48,-0.83,0,5.3494253,0,-3.4,-3.4,2.4,8,21,1330200,255,0
0.14,-0.48,-0.83,0,5.3494253,0,-4.4,-4.4,2.2,8,21,1330300,255,0
0.15,-0.48,-0.83,0,4.433017,0,-3.4,-3.4,2.3,8,21,1330400,255,0
0.14,-0.49,-0.84,0,5.3494253,0,-4.3,-4.3,2.3,8,21,1330500,255,0
0.15,-0.48,-0.83,0,5.3494253,0,-3.7,-3.7,2.3,8,21,1330600,255,0
0.14,-0.5,-0.83,0,3.5166883,0,-3.9,-3.9,2.3,8,21,1330700,255,0
0.15,-0.47,-0.83,0,4.433017,0,-3.9,-3.9,2.2,8,21,1330800,255,0
0.14,-0.49,-0.83,0,5.3494253,0,-3.8,-3.8,2.4,8,21,1330900,255,0
0.15,-0.48,-0.83,0,5.3494253,0,-3.9,-3.9,2.4,8,21,1331000,255,0
0.14,-0.48,-0.83,0,4.433017,0,-3.8,-3.8,2.4,8,21,1331100,255,0
0.15,-0.48,-0.83,0,4.433017,0,-4,-4,2.4,8,21,1331200,255,0
0.14,-0.48,-0.83,0,5.3494253,0,-3.9,-3.9,2.2,8,21,1331300,255,0
0.15,-0.49,-0.83,0,5.3494253,0,-3.9,-3.9,2.4,8,21,1331400,255,0
0.14,-0.48,-0.84,0,5.3494253,0,-4.2,-4.2,2.4,8,21,1331500,255,0
0.15,-0.48,-0.84,0,4.433017,0,-3.7,-3.7,2.2,8,21,1331600,255,0
0.14,-0.48,-0.83,0,5.3494253,0,-4,-4,2.4,8,21,1331700,255,0
0.15,-0.48,-0.83,0,4.433017,0,-3.7,-3.7,2.5,8,21,1331800,255,0
0.14,-0.48,-0.83,0,5.3494253,0,-4.3,-4.3,2.4,8,21,1331900,255,0
0.14,-0.48,-0.83,0,4.433017,0,-3.7,-3.7,2.3,8,21,1332000,255,0
0.14,-0.49,-0.83,0,5.3494253,0,-3.9,-3.9,2.4,8,21,1332100,255,0
0.15,-0.48,-0.83,0,5.3494253,0,-4.1,-4.1,2.5,8,21,1332200,255,0
0.14,-0.49,-0.83,0,4.433017,0,-3.7,-3.7,2.4,8,21,1332300,255,0
0.15,-0.48,-0.83,0,5.3494253,0,-4.2,-4.2,2.4,8,21,1332400,255,0
0.14,-0.49,-0.83,0,5.3494253,0,-3.5,-3.5,2.4,8,21,1332500,255,0
0.15,-0.48,-0.83,0,4.433017,0,-4.3,-4.3,2.5,8,21,1332600,255,0
0.14,-0.49,-0.83,0,5.3494253,0,-3.4,-3.4,2.3,8,21,1332700,256,0
0.15,-0.48,-0.83,0,5.3494253,0,-4.4,-4.4,2.4,8,21,1332800,256,0
0.14,-0.48,-0.83,0,5.3494253,0,-3.5,-3.5,2.4,8,21,1332900,256,0
0.15,-0.49,-0.83,0,5.016268,0,-4.1,-4.1,2.3,8,21,1333000,256,0
0.14,-0.48,-0.83,0,5.3494253,0,-3.7,-3.7,2.2,8,21,1333100,256,0
0.15,-0.49,-0.83,0,5.016268,0,-4,-4,2.2,8,21,1333200,256,0
0.15,-0.48,-0.83,0,4.433017,0,-3.7,-3.7,2.2,8,21,1333300,256,0
0.14,-0.49,-0.83,0,5.016268,0,-3.8,-3.8,2.2,8,21,1333400,256,0
0.15,-0.48,-0.83,0,4.433017,0,-3.8,-3.8,2.4,8,21,1333500,256,0
0.14,-0.49,-0.83,0,5.3494253,0,-3.8,-3.8,2.2,8,21,1333600,256,0
0.15,-0.48,-0.84,0,4.433017,0,-4,-4,2.5,8,21,1333700,256,0
0.14,-0.48,-0.83,0,5.016268,0,-3.8,-3.8,2.4,8,21,1333800,256,0
0.15,-0.49,-0.83,0,5.3494253,0,-3.9,-3.9,2.4,8,21,1333900,256,0
0.14,-0.48,-0.83,0,4.099888,0,-4.1,-4.1,2.5,8,21,1334000,256,0
0.15,-0.48,-0.83,0,5.016268,0,-3.7,-3.7,2.4,8,21,1334100,256,0
0.14,-0.48,-0.83,0,5.016268,0,-4.1,-4.1,2.4,8,21,1334200,256,0
0.15,-0.49,-0.83,0,5.3494253,0,-3.7,-3.7,2.3,8,21,1334300,256,0
0.15,-0.48,-0.83,0,5.016268,0,-4.2,-4.2,2.4,8,21,1334400,256,0
0.15,-0.48,-0.84,0,5.016268,0,-3.5,-3.5,2.3,8,21,1334500,256,0
0.14,-0.49,-0.83,0,5.016268,0,-4.2,-4.2,2.3,8,21,1334600,256,0
0.15,-0.48,-0.83,0,4.099888,0,-3.7,-3.7,2.3,8,21,1334700,256,0
0.14,-0.49,-0.83,0,5.016268,0,-4,-4,2.2,8,21,1334800,256,0
0.15,-0.48,-0.83,0,4.099888,0,-3.9,-3.9,2.3,8,21,1334900,256,0
0.14,-0.49,-0.83,0,4.433017,0,-3.9,-3.9,2.4,8,21,1335000,256,0
0.15,-0.48,-0.83,0,5.3494253,0,-3.8,-3.8,2.4,8,21,1335100,256,0
0.14,-0.49,-0.83,0,5.016268,0,-3.8,-3.8,2.3,8,21,1335200,256,0
0.15,-0.48,-0.83,0,5.016268,0,-4,-4,2.4,8,21,1335300,256,0
0.14,-0.48,-0.83,0,5.016268,0,-3.7,-3.7,2.3,8,21,1335400,257,0
0.15,-0.48,-0.84,0,5.016268,0,-4,-4,2.3,8,21,1335500,257,0
0.14,-0.48,-0.83,0,4.099888,0,-3.7,-3.7,2.3,8,21,1335600,257,0
0.15,-0.49,-0.83,0,4.099888,0,-4.1,-4.1,2.4,8,21,1335700,257,0
0.14,-0.48,-0.83,0,5.8496857,0,-3.8,-3.8,2.3,8,21,1335800,257,0
0.15,-0.48,-0.83,0,5.016268,0,-3.8,-3.8,2.3,8,21,1335900,257,0
0.17,-0.48,-0.8,0,5.016268,0,-3.7,-3.7,2.3,8,21,1336000,257,0
0.16,-0.48,-0.83,0,4.5995846,0,-4.1,-4.1,2.1,8,21,1336100,257,0
0.19,-0.51,-0.84,0,5.016268,0,-4.2,-4.2,2.7,8,21,1336200,257,0
0.04,-0.44,-0.85,0,5.016268,0,-4.2,-4.2,2.5,8,21,1336300,257,0
0.21,-0.53,-0.83,0,5.016268,0,-1.5,-1.5,2.7,8,21,1336400,257,0
0.13,-0.48,-0.83,0,4.099888,0,-6.1,-6.1,2.3,8,21,1336500,257,0
0.12,-0.46,-0.82,0,5.016268,0,-3.3,-3.3,1.8,8,21,1336600,257,0
0.12,-0.48,-0.83,0,5.016268,0,-4.3,-4.3,2.5,8,21,1336700,257,0
0.19,-0.51,-0.83,0,5.016268,0,-3.3,-3.3,2.2,8,21,1336800,257,0
0.12,-0.48,-0.83,0,5.016268,0,-4.7,-4.7,2,8,21,1336900,257,0
0.16,-0.47,-0.84,0,4.099888,0,-3.7,-3.7,2.7,8,21,1337000,257,0
0.14,-0.5,-0.84,0,4.099888,0,-4.1,-4.1,2.2,8,21,1337100,257,0
0.13,-0.46,-0.83,0,5.8496857,0,-3.6,-3.6,2.5,8,21,1337200,257,0
0.15,-0.51,-0.83,0,4.099888,0,-4.3,-4.3,2.4,8,21,1337300,257,0
0.1,-0.44,-0.83,0,5.016268,0,-3.5,-3.5,2.2,8,21,1337400,257,0
0.2,-0.52,-0.83,0,5.016268,0,-3.5,-3.5,2.3,8,21,1337500,257,0
0.12,-0.48,-0.83,0,4.099888,0,-5.4,-5.4,2.2,8,21,1337600,257,0
0.17,-0.48,-0.83,0,5.016268,0,-2.6,-2.6,2.2,8,21,1337700,257,0
0.15,-0.51,-0.83,0,5.016268,0,-4.3,-4.3,2,8,21,1337800,257,0
0.14,-0.46,-0.83,0,5.016268,0,-3.8,-3.8,2.5,8,21,1337900,257,0
0.16,-0.51,-0.83,0,5.016268,0,-3.7,-3.7,2.2,8,21,1338000,257,0
0.13,-0.46,-0.84,0,5.016268,0,-4.6,-4.6,2.3,8,21,1338100,257,0
0.17,-0.5,-0.83,0,4.099888,0,-2.7,-2.7,2.4,8,21,1338200,258,0
0.13,-0.48,-0.83,0,5.016268,0,-4.9,-4.9,2.3,8,21,1338300,258,0
0.16,-0.48,-0.84,0,4.5995846,0,-3,-3,2.4,8,21,1338400,258,0
0.13,-0.49,-0.83,0,4.099888,0,-4.7,-4.7,2.4,8,21,1338500,258,0
0.16,-0.47,-0.83,0,4.5995846,0,-3.3,-3.3,2.4,8,21,1338600,258,0
0.14,-0.5,-0.83,0,5.5160084,0,-4.1,-4.1,2.2,8,21,1338700,258,0
0.15,-0.47,-0.84,0,4.5995846,0,-3.8,-3.8,2.4,8,21,1338800,258,0
0.15,-0.5,-0.83,0,4.5995846,0,-3.8,-3.8,2.3,8,21,1338900,258,0
0.15,-0.47,-0.83,0,5.016268,0,-4.1,-4.1,2.3,8,21,1339000,258,0
0.15,-0.5,-0.83,0,5.016268,0,-3.4,-3.4,2.4,8,21,1339100,258,0
0.15,-0.48,-0.83,0,5.8496857,0,-4.3,-4.3,2.3,8,21,1339200,258,0
0.14,-0.49,-0.83,0,4.5995846,0,-3.4,-3.4,2.4,8,21,1339300,258,0
0.15,-0.48,-0.83,0,4.5995846,0,-4.1,-4.1,2.4,8,21,1339400,258,0
0.14,-0.48,-0.83,0,4.5995846,0,-3.5,-3.5,2.4,8,21,1339500,258,0
0.15,-0.49,-0.83,0,4.5995846,0,-4.3,-4.3,2.4,8,21,1339600,258,0
0.14,-0.48,-0.83,0,3.7662678,0,-3.5,-3.5,2.4,8,21,1339700,258,0
0.15,-0.49,-0.83,0,4.5995846,0,-4.1,-4.1,2.4,8,21,1339800,258,0
0.15,-0.48,-0.83,0,4.5995846,0,-3.7,-3.7,2.4,8,21,1339900,258,0
0.14,-0.49,-0.83,0,5.8496857,0,-4,-4,2.2,8,21,1340000,258,0
0.15,-0.48,-0.83,0,4.5995846,0,-3.7,-3.7,2.2,8,21,1340100,258,0
0.15,-0.49,-0.83,0,3.7662678,0,-3.8,-3.8,2.3,8,21,1340200,258,0
0.15,-0.48,-0.83,0,4.5995846,0,-3.9,-3.9,2.4,8,21,1340300,258,0
0.14,-0.49,-0.83,0,5.5160084,0,-3.8,-3.8,2.3,8,21,1340400,258,0
0.15,-0.48,-0.83,0,4.5995846,0,-4,-4,2.4,8,21,1340500,258,0
0.15,-0.48,-0.83,0,4.5995846,0,-3.8,-3.8,2.4,8,21,1340600,258,0
0.15,-0.48,-0.83,0,5.016268,0,-4,-4,2.4,8,21,1340700,258,0
0.14,-0.49,-0.83,0,4.5995846,0,-3.8,-3.8,2.4,8,21,1340800,258,0
0.15,-0.49,-0.83,0,4.5995846,0,-4,-4,2.4,8,21,1340900,259,0
0.15,-0.48,-0.83,0,5.5160084,0,-3.8,-3.8,2.2,8,21,1341000,259,0
0.15,-0.48,-0.83,0,4.5995846,0,-4,-4,2.4,8,21,1341100,259,0
0.15,-0.49,-0.83,0,4.5995846,0,-3.8,-3.8,2.2,8,21,1341200,259,0
0.15,-0.49,-0.83,0,5.182846,0,-4,-4,2.3,8,21,1341300,259,0
0.15,-0.49,-0.83,0,4.5995846,0,-3.8,-3.8,2.4,8,21,1341400,259,0
0.15,-0.49,-0.83,0,4.266451,0,-3.9,-3.9,2.4,8,21,1341500,259,0
0.15,-0.49,-0.83,0,4.266451,0,-4,-4,2.4,8,21,1341600,259,0
0.15,-0.48,-0.83,0,4.5995846,0,-4,-4,2.3,8,21,1341700,259,0
0.15,-0.49,-0.83,0,4.5995846,0,-4,-4,2.4,8,21,1341800,259,0
0.15,-0.49,-0.84,0,5.5160084,0,-3.8,-3.8,2.4,8,21,1341900,259,0
0.15,-0.48,-0.83,0,4.5995846,0,-3.9,-3.9,2.3,8,21,1342000,259,0
0.15,-0.49,-0.84,0,4.5995846,0,-3.8,-3.8,2.2,8,21,1342100,259,0
0.15,-0.48,-0.83,0,5.5160084,0,-4,-4,2.3,8,21,1342200,259,0
0.15,-0.48,-0.84,0,3.7662678,0,-3.8,-3.8,2.3,8,21,1342300,259,0
0.14,-0.49,-0.83,0,4.5995846,0,-4,-4,2.4,8,21,1342400,259,0
0.15,-0.48,-0.83,0,4.5995846,0,-3.8,-3.8,2.4,8,21,1342500,259,0
0.14,-0.49,-0.83,0,4.5995846,0,-4,-4,2.4,8,21,1342600,259,0
0.15,-0.48,-0.83,0,4.5995846,0,-3.9,-3.9,2.4,8,21,1342700,259,0
0.14,-0.49,-0.83,0,4.266451,0,-3.8,-3.8,2.4,8,21,1342800,259,0
0.15,-0.48,-0.83,0,5.5160084,0,-4,-4,2.4,8,21,1342900,259,0
0.15,-0.49,-0.83,0,4.266451,0,-3.7,-3.7,2.2,8,21,1343000,259,0
0.15,-0.49,-0.83,0,5.182846,0,-4.1,-4.1,2.3,8,21,1343100,259,0
0.15,-0.48,-0.83,0,4.266451,0,-3.7,-3.7,2.3,8,21,1343200,259,0
0.14,-0.49,-0.83,0,4.266451,0,-4.1,-4.1,2.3,8,21,1343300,259,0
0.15,-0.48,-0.83,0,4.266451,0,-3.7,-3.7,2.2,8,21,1343400,259,0
0.14,-0.49,-0.83,0,4.266451,0,-4.2,-4.2,2.5,8,21,1343500,260,0
0.16,-0.48,-0.83,0,5.182846,0,-3.5,-3.5,2.4,8,21,1343600,260,0
0.13,-0.49,-0.83,0,4.5995846,0,-4.1,-4.1,2.2,8,21,1343700,260,0
0.16,-0.48,-0.83,0,4.266451,0,-3.7,-3.7,2.4,8,21,1343800,260,0
0.13,-0.49,-0.83,0,5.182846,0,-4.1,-4.1,2.2,8,21,1343900,260,0
0.16,-0.48,-0.83,0,4.266451,0,-3.7,-3.7,2.4,8,21,1344000,260,0
0.15,-0.51,-0.85,0,4.266451,0,-4.1,-4.1,2.3,8,21,1344100,260,0
0.15,-0.47,-0.83,0,4.266451,0,-3.9,-3.9,2.3,8,21,1344200,260,0
0.14,-0.5,-0.83,0,5.182846,0,-3.9,-3.9,2.3,8,21,1344300,260,0
0.15,-0.45,-0.83,0,4.266451,0,-3.8,-3.8,2.2,8,21,1344400,260,0
0.14,-0.5,-0.84,0,4.266451,0,-4.1,-4.1,2.5,8,21,1344500,260,0
0.16,-0.47,-0.83,0,4.266451,0,-3.7,-3.7,2.1,8,21,1344600,260,0
0.16,-0.51,-0.83,0,5.182846,0,-4.3,-4.3,2.6,8,21,1344700,260,0
0.15,-0.46,-0.84,0,4.266451,0,-3.6,-3.6,2.5,8,21,1344800,260,0
0.15,-0.51,-0.83,0,5.182846,0,-3.9,-3.9,2.1,8,21,1344900,260,0
0.15,-0.46,-0.83,0,4.266451,0,-4.3,-4.3,2.5,8,21,1345000,260,0
0.14,-0.5,-0.83,0,5.182846,0,-3.5,-3.5,2.3,8,21,1345100,260,0
0.15,-0.47,-0.83,0,5.182846,0,-4.1,-4.1,2.3,8,21,1345200,260,0
0.15,-0.49,-0.84,0,4.266451,0,-3.6,-3.6,2.2,8,21,1345300,260,0
0.16,-0.48,-0.83,0,4.8496933,0,-4.1,-4.1,2.4,8,21,1345400,260,0
0.14,-0.49,-0.84,0,4.266451,0,-3.8,-3.8,2.4,8,21,1345500,260,0
0.16,-0.48,-0.83,0,4.266451,0,-4,-4,2.2,8,21,1345600,260,0
0.14,-0.48,-0.83,0,4.266451,0,-3.8,-3.8,2.3,8,21,1345700,260,0
0.16,-0.49,-0.83,0,5.182846,0,-4.1,-4.1,2.4,8,21,1345800,260,0
0.14,-0.48,-0.83,0,3.932825,0,-3.7,-3.7,2.2,8,21,1345900,260,0
0.16,-0.49,-0.83,0,4.266451,0,-3.8,-3.8,2.2,8,21,1346000,260,0
0.15,-0.48,-0.83,0,5.182846,0,-4,-4,2.2,8,21,1346100,260,0
0.15,-0.49,-0.83,0,5.182846,0,-4.1,-4.1,2.4,8,21,1346200,261,0
0.14,-0.47,-0.83,0,4.266451,0,-4.3,-4.3,2.6,8,21,1346300,261,0
0.16,-0.49,-0.83,0,5.182846,0,-3.5,-3.5,2.4,8,21,1346400,261,0
0.14,-0.49,-0.83,0,4.266451,0,-4.3,-4.3,2.4,8,21,1346500,261,0
0.15,-0.47,-0.84,0,5.182846,0,-5.1,-5.1,2.6,8,21,1346600,261,0
0.19,-0.42,-0.8,0,3.932825,0,-2.5,-2.5,-0.4,8,21,1346700,261,0
0.18,-0.46,-0.76,0,4.8496933,0,-3.7,-3.7,3.6,8,21,1346800,261,0
0.41,-0.36,-0.9,0,5.182846,0,-5.2,-5.2,4.5,8,21,1346900,261,0
0.24,-0.47,-0.82,0,5.182846,0,-0.1,-0.1,3,8,21,1347000,261,0
0.14,-0.54,-0.81,0,4.8496933,0,-5.7,-5.7,2.7,8,21,1347100,261,0
0.14,-0.38,-0.83,0,6.099824,0,-4.3,-4.3,1.9,8,21,1347200,261,0
0.16,-0.56,-0.83,0,4.8496933,0,-1.3,-1.3,2.5,8,21,1347300,261,0
0.15,-0.52,-0.84,0,4.8496933,0,-7.9,-7.9,2.6,8,21,1347400,261,0
0.15,-0.48,-0.84,0,4.8496933,0,-0.9,-0.9,2.7,8,21,1347500,261,0
0.16,-0.51,-0.83,0,3.932825,0,-5.6,-5.6,2.2,8,21,1347600,261,0
0.11,-0.5,-0.88,0,4.8496933,0,-12.2,-12.2,0,8,21,1347700,261,0
-1.31,-0.22,-1.05,0,4.8496933,0,-0.2,-0.2,7,8,21,1347800,261,0
0.16,-0.74,-0.84,0,3.932825,0,1.2,1.2,3,8,21,1347900,261,0
0.18,-0.48,-0.84,0,3.932825,0,-10,-10,2.2,8,21,1348000,261,0
0.07,-0.44,-0.83,0,3.932825,0,4.2,4.2,3.8,8,21,1348100,261,0
0.51,-1.32,-0.82,0,3.932825,0,-18.8,-18.8,-1,8,21,1348200,261,0
0.11,-0.29,-0.83,0,4.8496933,0,-3.5,-3.5,0.9,8,21,1348300,261,0
0.06,-0.31,-0.85,0,4.8496933,0,1.6,1.6,2.6,8,21,1348400,261,0
0.19,-0.58,-0.82,0,4.8496933,0,0.8,0.8,3.1,8,21,1348500,261,0
0.17,-0.45,-0.83,0,4.8496933,0,-8.6,-8.6,2,8,21,1348600,261,0
0.09,-0.45,-0.84,0,3.932825,0,-2.1,-2.1,2.4,8,21,1348700,261,0
0.2,-0.51,-0.83,0,4.8496933,0,-3.7,-3.7,2.5,8,21,1348800,262,0
0.11,-0.45,-0.84,0,4.8496933,0,-4.5,-4.5,2.3,8,21,1348900,262,0
0.18,-0.49,-0.83,0,4.8496933,0,-2.9,-2.9,2.4,8,21,1349000,262,0
0.13,-0.49,-0.84,0,4.8496933,0,-4.6,-4.6,2.2,8,21,1349100,262,0
0.15,-0.46,-0.83,0,4.8496933,0,-3.4,-3.4,2.4,8,21,1349200,262,0
0.16,-0.49,-0.83,0,4.8496933,0,-3.7,-3.7,2.4,8,21,1349300,262,0
0.14,-0.46,-0.84,0,4.8496933,0,-4.6,-4.6,2.3,8,21,1349400,262,0
0.16,-0.49,-0.83,0,4.516552,0,-3.2,-3.2,2.4,8,21,1349500,262,0
0.14,-0.47,-0.83,0,4.516552,0,-4.6,-4.6,2.3,8,21,1349600,262,0
0.17,-0.48,-0.83,0,5.766139,0,-3.4,-3.4,2.4,8,21,1349700,262,0
0.14,-0.48,-0.83,0,4.8496933,0,-4.3,-4.3,2.4,8,21,1349800,262,0
0.16,-0.48,-0.83,0,4.8496933,0,-3.7,-3.7,2.4,8,21,1349900,262,0
0.13,-0.48,-0.83,0,4.8496933,0,-4.1,-4.1,2.4,8,21,1350000,262,0
0.15,-0.47,-0.83,0,4.8496933,0,-3.9,-3.9,2.5,8,21,1350100,262,0
0.13,-0.48,-0.83,0,4.8496933,0,-3.7,-3.7,2.2,8,21,1350200,262,0
0.15,-0.47,-0.83,0,5.766139,0,-4,-4,2.4,8,21,1350300,262,0
0.15,-0.48,-0.83,0,4.516552,0,-3.8,-3.8,2.4,8,21,1350400,262,0
0.16,-0.47,-0.83,0,4.8496933,0,-4,-4,2.4,8,21,1350500,262,0
0.15,-0.48,-0.84,0,3.5997124,0,-3.7,-3.7,2.4,8,21,1350600,262,0
0.15,-0.48,-0.83,0,4.8496933,0,-4,-4,2.4,8,21,1350700,262,0
0.16,-0.47,-0.83,0,4.516552,0,-4.1,-4.1,2.4,8,21,1350800,262,0
0.13,-0.49,-0.83,0,4.8496933,0,-3.9,-3.9,2.4,8,21,1350900,262,0
0.16,-0.47,-0.83,0,4.516552,0,-4,-4,2.2,8,21,1351000,262,0
0.14,-0.48,-0.83,0,3.5997124,0,-3.8,-3.8,2.4,8,21,1351100,262,0
0.17,-0.48,-0.83,0,3.932825,0,-4.3,-4.3,2.5,8,21,1351200,262,0
0.14,-0.48,-0.83,0,5.432968,0,-3.5,-3.5,2.4,8,21,1351300,262,0
0.16,-0.49,-0.83,0,3.932825,0,-4.4,-4.4,2.4,8,21,1351400,263,0
0.14,-0.47,-0.83,0,4.516552,0,-3.5,-3.5,2.2,8,21,1351500,263,0
0.15,-0.48,-0.83,0,4.516552,0,-4.2,-4.2,2.5,8,21,1351600,263,0
0.15,-0.48,-0.83,0,3.5997124,0,-3.8,-3.8,2.4,8,21,1351700,263,0
0.14,-0.48,-0.83,0,4.516552,0,-4,-4,2.4,8,21,1351800,263,0
0.15,-0.48,-0.83,0,4.516552,0,-3.7,-3.7,2.4,8,21,1351900,263,0
0.15,-0.48,-0.83,0,4.516552,0,-4,-4,2.4,8,21,1352000,263,0
0.15,-0.48,-0.83,0,4.516552,0,-3.9,-3.9,2.4,8,21,1352100,263,0
0.15,-0.48,-0.83,0,4.516552,0,-3.7,-3.7,2.5,8,21,1352200,263,0
0.15,-0.49,-0.83,0,5.432968,0,-4.2,-4.2,2.2,8,21,1352300,263,0
0.15,-0.47,-0.83,0,3.5997124,0,-3.7,-3.7,2.2,8,21,1352400,263,0
0.15,-0.48,-0.83,0,3.5997124,0,-4.1,-4.1,2.2,8,21,1352500,263,0
0.15,-0.47,-0.83,0,4.516552,0,-3.7,-3.7,2.4,8,21,1352600,263,0
0.15,-0.48,-0.84,0,4.516552,0,-4,-4,2.4,8,21,1352700,263,0
0.14,-0.48,-0.84,0,4.516552,0,-3.8,-3.8,2.4,8,21,1352800,263,0
0.15,-0.48,-0.83,0,4.516552,0,-3.9,-3.9,2.5,8,21,1352900,263,0
0.15,-0.47,-0.83,0,4.516552,0,-3.7,-3.7,2.4,8,21,1353000,263,0
0.15,-0.48,-0.83,0,4.516552,0,-3.8,-3.8,2.4,8,21,1353100,263,0
0.15,-0.47,-0.83,0,4.516552,0,-4.1,-4.1,2.4,8,21,1353200,263,0
0.15,-0.48,-0.83,0,4.516552,0,-3.5,-3.5,2.4,8,21,1353300,263,0
0.16,-0.48,-0.83,0,4.516552,0,-4.1,-4.1,2.3,8,21,1353400,263,0
0.15,-0.47,-0.83,0,4.516552,0,-3.7,-3.7,2.5,8,21,1353500,263,0
0.16,-0.48,-0.83,0,4.516552,0,-3.9,-3.9,2.2,8,21,1353600,263,0
0.14,-0.47,-0.83,0,4.1829176,0,-3.9,-3.9,2.2,8,21,1353700,263,0
0.15,-0.48,-0.83,0,5.432968,0,-3.9,-3.9,2.4,8,21,1353800,263,0
0.15,-0.48,-0.83,0,4.516552,0,-4,-4,2.2,8,21,1353900,264,0
0.16,-0.47,-0.83,0,4.1829176,0,-3.8,-3.8,2.4,8,21,1354000,264,0
0.15,-0.48,-0.83,0,4.516552,0,-3.8,-3.8,2.3,8,21,1354100,264,0
0.15,-0.47,-0.83,0,4.516552,0,-4,-4,2.3,8,21,1354200,264,0
0.15,-0.49,-0.83,0,4.516552,0,-3.7,-3.7,2.2,8,21,1354300,264,0
0.14,-0.47,-0.83,0,3.266611,0,-4,-4,2.3,8,21,1354400,264,0
0.16,-0.49,-0.83,0,4.516552,0,-3.8,-3.8,2.2,8,21,1354500,264,0
0.14,-0.47,-0.83,0,3.266611,0,-4.3,-4.3,2.4,8,21,1354600,264,0
0.15,-0.48,-0.84,0,4.1829176,0,-3.4,-3.4,2.2,8,21,1354700,264,0
0.15,-0.48,-0.83,0,5.432968,0,-4.4,-4.4,2.3,8,21,1354800,264,0
0.16,-0.47,-0.83,0,4.1829176,0,-3.5,-3.5,2.1,8,21,1354900,264,0
0.15,-0.48,-0.83,0,5.0998077,0,-4.1,-4.1,2.3,8,21,1355000,264,0
0.15,-0.47,-0.83,0,5.0998077,0,-3.7,-3.7,2.1,8,21,1355100,264,0
