W,I,J,K,LAT,LON,ALT_MSL_GPS,ALT_BARO,BARO,ACCELX,ACCELY,ACCELZ,GYROX,GYROY,GYROZ,MAGX,MAGY,MAGZ,Time
-0.53,-0.04,-0.01,-0.85,0.0000,0.0000,0.00,88.84,1002.62,-0.02,0.07,1.01,-0.05,-0.02,0.01,135386.00,135107.00,141722.00,1615075831
0.59,-0.01,0.06,0.81,0.0000,0.0000,0.00,89.27,1002.57,-0.02,0.07,1.01,0.02,0.02,0.01,135387.00,135110.00,141711.00,1615075831
-0.83,-0.03,-0.02,0.56,0.0000,0.0000,0.00,89.27,1002.57,-0.02,0.07,1.01,0.01,-0.01,-0.03,135373.00,135114.00,141713.00,1615075831
0.83,0.03,-0.02,-0.56,0.0000,0.0000,0.00,89.12,1002.59,-0.02,0.07,1.00,0.08,-0.04,0.01,135385.00,135117.00,141717.00,1615075831
0.11,-0.06,-0.99,-0.02,0.0000,0.0000,0.00,89.12,1002.59,-0.02,0.07,1.00,0.11,-0.03,0.04,135377.00,135120.00,141706.00,1615075831
0.04,-0.06,-1.00,0.02,0.0000,0.0000,0.00,88.85,1002.62,-0.02,0.07,1.01,0.00,0.04,-0.02,135382.00,135115.00,141714.00,1615075831
0.03,-0.06,-1.00,0.03,0.0000,0.0000,0.00,88.85,1002.62,-0.02,0.07,1.00,-0.01,-0.02,0.01,135387.00,135107.00,141719.00,1615075831
0.02,-0.06,-1.00,0.03,0.0000,0.0000,0.00,89.01,1002.60,-0.02,0.07,1.00,0.06,-0.01,0.06,135382.00,135115.00,141697.00,1615075831
0.02,-0.06,-1.00,0.03,0.0000,0.0000,0.00,89.01,1002.60,-0.02,0.07,1.01,-0.08,0.02,-0.02,135383.00,135119.00,141719.00,1615075831
0.01,-0.06,-1.00,0.03,0.0000,0.0000,0.00,89.25,1002.57,-0.02,0.07,1.01,0.08,0.01,0.02,135369.00,135122.00,141742.00,1615075831
0.01,-0.06,-1.00,0.03,0.0000,0.0000,0.00,89.25,1002.57,-0.02,0.07,1.01,-0.08,0.04,-0.05,135380.00,135129.00,141736.00,1615075831
0.01,-0.06,-1.00,0.03,0.0000,0.0000,0.00,89.45,1002.55,-0.02,0.07,1.01,-0.07,-0.02,-0.01,135382.00,135120.00,141718.00,1615075831
0.01,-0.06,-1.00,0.03,0.0000,0.0000,0.00,89.45,1002.55,-0.02,0.07,1.00,-0.03,0.01,0.03,135382.00,135131.00,141719.00,1615075831
0.01,-0.06,-1.00,0.03,0.0000,0.0000,0.00,89.17,1002.58,-0.02,0.07,1.00,-0.01,-0.03,-0.02,135383.00,135121.00,141741.00,1615075831
0.01,-0.06,-1.00,0.03,0.0000,0.0000,0.00,89.17,1002.58,-0.02,0.07,1.01,0.04,-0.02,-0.06,135378.00,135129.00,141736.00,1615075831
0.01,-0.06,-1.00,0.04,0.0000,0.0000,0.00,89.17,1002.58,-0.02,0.07,1.01,-0.05,0.02,0.05,135381.00,135117.00,141724.00,1615075831
0.01,-0.06,-1.00,0.04,0.0000,0.0000,0.00,89.43,1002.55,-0.02,0.07,1.00,0.10,-0.04,0.04,135383.00,135123.00,141724.00,1615075831
0.01,-0.06,-1.00,0.04,0.0000,0.0000,0.00,89.43,1002.55,-0.02,0.07,1.01,0.08,-0.05,-0.06,135379.00,135128.00,141740.00,1615075831
0.01,-0.06,-1.00,0.04,0.0000,0.0000,0.00,89.36,1002.56,-0.02,0.07,1.00,0.15,-0.12,0.02,135376.00,135121.00,141729.00,1615075831
0.01,-0.06,-1.00,0.04,0.0000,0.0000,0.00,89.36,1002.56,-0.02,0.07,1.00,-0.05,-0.03,0.02,135377.00,135120.00,141737.00,1615075831
0.01,-0.06,-1.00,0.04,0.0000,0.0000,0.00,89.29,1002.57,-0.02,0.07,1.00,0.01,0.01,-0.02,135378.00,135122.00,141747.00,1615075831
0.01,-0.06,-1.00,0.04,0.0000,0.0000,0.00,89.29,1002.57,-0.02,0.07,1.00,-0.07,0.02,0.04,135377.00,135139.00,141731.00,1615075832
0.01,-0.06,-1.00,0.04,0.0000,0.0000,0.00,89.29,1002.57,-0.02,0.07,1.01,-0.01,0.02,-0.03,135382.00,135131.00,141731.00,1615075832
0.01,-0.06,-1.00,0.04,0.0000,0.0000,0.00,89.29,1002.57,-0.02,0.07,1.01,-0.02,-0.00,0.01,135369.00,135136.00,141733.00,1615075832
0.01,-0.06,-1.00,0.04,0.0000,0.0000,0.00,89.29,1002.57,-0.02,0.07,1.00,-0.06,0.02,0.03,135372.00,135109.00,141719.00,1615075832
0.01,-0.06,-1.00,0.04,0.0000,0.0000,0.00,89.25,1002.57,-0.02,0.07,1.01,-0.05,0.02,-0.02,135373.00,135123.00,141727.00,1615075832
0.01,-0.06,-1.00,0.04,0.0000,0.0000,0.00,89.25,1002.57,-0.02,0.07,1.00,-0.08,-0.00,-0.03,135369.00,135130.00,141745.00,1615075832
0.01,-0.06,-1.00,0.04,0.0000,0.0000,0.00,89.23,1002.58,-0.02,0.07,1.00,0.05,0.01,-0.01,135381.00,135126.00,141740.00,1615075832
0.01,-0.06,-1.00,0.04,0.0000,0.0000,0.00,89.23,1002.58,-0.02,0.07,1.01,0.11,0.04,-0.03,135380.00,135119.00,141731.00,1615075832
0.01,-0.06,-1.00,0.04,0.0000,0.0000,0.00,89.40,1002.56,-0.02,0.07,1.00,0.00,-0.01,0.01,135377.00,135144.00,141737.00,1615075832
0.01,-0.06,-1.00,0.04,0.0000,0.0000,0.00,89.40,1002.56,-0.02,0.07,1.00,0.02,-0.02,0.01,135377.00,135136.00,141742.00,1615075832
0.01,-0.06,-1.00,0.04,0.0000,0.0000,0.00,89.40,1002.56,-0.02,0.07,1.01,0.02,-0.02,0.03,135379.00,135133.00,141736.00,1615075832
0.01,-0.06,-1.00,0.04,0.0000,0.0000,0.00,89.06,1002.60,-0.02,0.07,1.00,-0.11,0.02,0.04,135370.00,135137.00,141743.00,1615075832
0.01,-0.06,-1.00,0.04,0.0000,0.0000,0.00,89.06,1002.60,-0.02,0.07,1.01,0.14,-0.05,-0.02,135378.00,135125.00,141736.00,1615075832
0.01,-0.06,-1.00,0.04,0.0000,0.0000,0.00,88.97,1002.61,-0.02,0.07,1.01,-0.08,-0.00,-0.03,135382.00,135123.00,141741.00,1615075832
0.01,-0.06,-1.00,0.04,0.0000,0.0000,0.00,88.97,1002.61,-0.02,0.07,1.00,0.04,0.02,0.01,135378.00,135118.00,141750.00,1615075832
0.01,-0.06,-1.00,0.04,0.0000,0.0000,0.00,89.33,1002.56,-0.02,0.07,1.00,-0.11,-0.02,-0.01,135376.00,135125.00,141741.00,1615075832
0.01,-0.06,-1.00,0.04,0.0000,0.0000,0.00,89.33,1002.56,-0.02,0.07,1.00,-0.01,-0.04,-0.01,135373.00,135129.00,141746.00,1615075832
0.01,-0.06,-1.00,0.04,0.0000,0.0000,0.00,89.18,1002.58,-0.02,0.07,1.01,-0.03,-0.00,0.02,135370.00,135142.00,141742.00,1615075832
0.01,-0.06,-1.00,0.04,0.0000,0.0000,0.00,89.18,1002.58,-0.02,0.07,1.01,0.00,-0.03,-0.02,135376.00,135142.00,141747.00,1615075832
0.01,-0.06,-1.00,0.04,0.0000,0.0000,0.00,89.45,1002.55,-0.02,0.07,1.01,0.08,-0.00,-0.02,135375.00,135125.00,141719.00,1615075832
0.01,-0.06,-1.00,0.04,0.0000,0.0000,0.00,89.45,1002.55,-0.02,0.07,1.01,0.02,-0.02,-0.03,135378.00,135141.00,141741.00,1615075832
0.01,-0.06,-1.00,0.04,0.0000,0.0000,0.00,89.45,1002.55,-0.02,0.08,1.01,0.02,-0.05,-0.00,135375.00,135119.00,141741.00,1615075832
0.01,-0.06,-1.00,0.04,0.0000,0.0000,0.00,89.46,1002.55,-0.02,0.07,1.00,-0.01,-0.02,-0.01,135378.00,135126.00,141754.00,1615075832
0.01,-0.06,-1.00,0.04,0.0000,0.0000,0.00,89.46,1002.55,-0.02,0.07,1.00,0.01,0.02,-0.03,135374.00,135138.00,141723.00,1615075832
0.01,-0.06,-1.00,0.04,0.0000,0.0000,0.00,89.34,1002.56,-0.02,0.07,1.00,0.05,0.04,-0.00,135374.00,135138.00,141733.00,1615075832
0.01,-0.06,-1.00,0.04,0.0000,0.0000,0.00,89.34,1002.56,-0.02,0.07,1.00,0.08,-0.05,0.04,135375.00,135125.00,141746.00,1615075832
0.01,-0.06,-1.00,0.04,0.0000,0.0000,0.00,89.43,1002.55,-0.02,0.07,1.01,-0.08,0.05,-0.00,135375.00,135131.00,141741.00,1615075832
0.01,-0.06,-1.00,0.04,0.0000,0.0000,0.00,89.43,1002.55,-0.02,0.07,1.01,0.00,0.05,0.01,135384.00,135135.00,141748.00,1615075832
0.01,-0.06,-1.00,0.04,0.0000,0.0000,0.00,89.37,1002.56,-0.02,0.07,1.00,0.03,0.02,0.06,135373.00,135136.00,141747.00,1615075833
0.01,-0.06,-1.00,0.04,0.0000,0.0000,0.00,89.37,1002.56,-0.02,0.07,1.01,0.00,-0.02,0.01,135379.00,135142.00,141723.00,1615075833
0.01,-0.06,-1.00,0.04,0.0000,0.0000,0.00,89.37,1002.56,-0.02,0.07,1.01,0.01,-0.03,-0.06,135378.00,135133.00,141739.00,1615075833
0.01,-0.06,-1.00,0.04,0.0000,0.0000,0.00,89.44,1002.55,-0.02,0.07,1.00,0.01,0.03,0.01,135373.00,135117.00,141741.00,1615075833
0.01,-0.06,-1.00,0.04,0.0000,0.0000,0.00,89.44,1002.55,-0.02,0.07,1.01,-0.06,-0.02,-0.03,135376.00,135135.00,141736.00,1615075833
0.01,-0.06,-1.00,0.04,0.0000,0.0000,0.00,89.53,1002.54,-0.02,0.07,1.00,-0.14,0.01,-0.04,135383.00,135124.00,141754.00,1615075833
0.01,-0.06,-1.00,0.04,0.0000,0.0000,0.00,89.53,1002.54,-0.02,0.07,1.01,0.02,-0.05,0.01,135383.00,135135.00,141753.00,1615075833
0.01,-0.06,-1.00,0.04,0.0000,0.0000,0.00,89.31,1002.57,-0.02,0.07,1.01,-0.01,-0.01,-0.03,135377.00,135134.00,141750.00,1615075833
0.01,-0.06,-1.00,0.04,0.0000,0.0000,0.00,89.31,1002.57,-0.01,0.07,1.00,-0.03,0.02,0.01,135366.00,135132.00,141745.00,1615075833
0.01,-0.06,-1.00,0.04,0.0000,0.0000,0.00,88.90,1002.62,-0.02,0.07,1.00,0.04,0.02,0.03,135372.00,135120.00,141745.00,1615075833
0.01,-0.06,-1.00,0.04,0.0000,0.0000,0.00,88.90,1002.62,-0.02,0.07,1.01,-0.08,0.02,0.04,135375.00,135125.00,141741.00,1615075833
0.01,-0.06,-1.00,0.04,0.0000,0.0000,0.00,89.33,1002.56,-0.02,0.07,1.00,-0.02,0.03,-0.03,135369.00,135140.00,141742.00,1615075833
0.01,-0.06,-1.00,0.04,0.0000,0.0000,0.00,89.33,1002.56,-0.02,0.07,1.01,0.04,0.03,-0.03,135379.00,135138.00,141747.00,1615075833
0.01,-0.06,-1.00,0.04,0.0000,0.0000,0.00,89.33,1002.56,-0.02,0.07,1.01,0.12,-0.02,-0.06,135377.00,135145.00,141724.00,1615075833
0.01,-0.06,-1.00,0.04,0.0000,0.0000,0.00,89.20,1002.58,-0.02,0.07,1.00,-0.01,-0.09,0.01,135374.00,135127.00,141739.00,1615075833
0.01,-0.06,-1.00,0.04,0.0000,0.0000,0.00,89.20,1002.58,-0.02,0.07,1.01,0.05,-0.04,-0.05,135379.00,135137.00,141748.00,1615075833
0.01,-0.06,-1.00,0.04,0.0000,0.0000,0.00,88.97,1002.61,-0.01,0.08,1.01,0.10,-0.02,-0.08,135375.00,135121.00,141751.00,1615075833
0.01,-0.06,-1.00,0.04,0.0000,0.0000,0.00,88.97,1002.61,-0.01,0.08,1.00,-0.24,-0.00,0.08,135370.00,135133.00,141756.00,1615075833
0.01,-0.06,-1.00,0.04,0.0000,0.0000,0.00,89.37,1002.56,-0.02,0.08,1.01,-0.29,-0.03,0.03,135382.00,135121.00,141743.00,1615075833
0.01,-0.06,-1.00,0.04,0.0000,0.0000,0.00,89.37,1002.56,-0.02,0.07,1.01,-0.30,-0.06,0.02,135376.00,135141.00,141734.00,1615075833
0.01,-0.06,-1.00,0.04,0.0000,0.0000,0.00,89.43,1002.55,-0.02,0.07,1.01,-0.41,-0.10,0.07,135380.00,135132.00,141747.00,1615075833
0.01,-0.06,-1.00,0.03,0.0000,0.0000,0.00,89.43,1002.55,-0.02,0.07,1.00,-0.24,-0.06,-0.09,135385.00,135136.00,141750.00,1615075833
0.01,-0.06,-1.00,0.03,0.0000,0.0000,0.00,88.75,1002.63,-0.01,0.07,1.01,-0.12,-0.06,-0.01,135376.00,135139.00,141736.00,1615075833
0.01,-0.06,-1.00,0.03,0.0000,0.0000,0.00,88.75,1002.63,-0.02,0.07,1.00,0.06,0.01,0.01,135378.00,135129.00,141748.00,1615075833
0.01,-0.06,-1.00,0.04,0.0000,0.0000,0.00,88.88,1002.62,-0.02,0.08,1.00,-0.03,0.06,-0.04,135373.00,135139.00,141741.00,1615075833
0.01,-0.06,-1.00,0.04,0.0000,0.0000,0.00,88.88,1002.62,-0.01,0.08,1.01,0.00,-0.05,-0.03,135377.00,135141.00,141729.00,1615075833
0.01,-0.06,-1.00,0.04,0.0000,0.0000,0.00,89.11,1002.59,-0.02,0.07,1.00,-0.08,0.04,0.07,135375.00,135148.00,141742.00,1615075834
0.01,-0.06,-1.00,0.04,0.0000,0.0000,0.00,89.11,1002.59,-0.02,0.07,1.00,0.02,-0.02,0.01,135371.00,135150.00,141720.00,1615075834
0.01,-0.06,-1.00,0.04,0.0000,0.0000,0.00,88.92,1002.61,-0.01,0.07,1.01,-0.03,0.03,0.02,135368.00,135141.00,141731.00,1615075834
0.01,-0.06,-1.00,0.03,0.0000,0.0000,0.00,88.92,1002.61,-0.02,0.07,1.00,0.05,0.04,0.07,135369.00,135153.00,141748.00,1615075834
0.01,-0.06,-1.00,0.04,0.0000,0.0000,0.00,89.06,1002.60,-0.02,0.07,1.00,0.00,-0.01,0.01,135378.00,135151.00,141741.00,1615075834
0.01,-0.06,-1.00,0.04,0.0000,0.0000,0.00,89.06,1002.60,-0.02,0.07,1.01,-0.02,0.03,-0.03,135380.00,135151.00,141756.00,1615075834
0.01,-0.06,-1.00,0.04,0.0000,0.0000,0.00,89.06,1002.60,-0.02,0.07,1.00,0.04,-0.04,0.01,135371.00,135145.00,141751.00,1615075834
0.01,-0.06,-1.00,0.04,0.0000,0.0000,0.00,89.32,1002.57,-0.02,0.07,1.01,-0.05,-0.01,-0.03,135363.00,135129.00,141736.00,1615075834
0.01,-0.06,-1.00,0.03,0.0000,0.0000,0.00,89.32,1002.57,-0.02,0.07,1.00,-0.04,-0.04,-0.03,135370.00,135139.00,141739.00,1615075834
0.01,-0.06,-1.00,0.03,0.0000,0.0000,0.00,89.31,1002.57,-0.02,0.07,1.00,-0.03,0.04,0.05,135375.00,135125.00,141746.00,1615075834
0.01,-0.06,-1.00,0.03,0.0000,0.0000,0.00,89.31,1002.57,-0.02,0.07,1.01,0.02,-0.02,-0.03,135373.00,135150.00,141740.00,1615075834
0.01,-0.06,-1.00,0.03,0.0000,0.0000,0.00,89.35,1002.56,-0.02,0.07,1.00,-0.01,-0.07,-0.03,135372.00,135155.00,141736.00,1615075834
0.01,-0.06,-1.00,0.04,0.0000,0.0000,0.00,89.35,1002.56,-0.01,0.12,1.00,0.38,-0.33,-1.76,135365.00,135139.00,141746.00,1615075834
0.01,-0.06,-1.00,0.04,0.0000,0.0000,0.00,89.04,1002.60,-0.02,0.07,1.00,-0.11,-0.04,-0.28,135368.00,135137.00,141748.00,1615075834
0.01,-0.06,-1.00,0.04,0.0000,0.0000,0.00,89.04,1002.60,-0.02,0.07,1.01,-0.11,0.02,0.01,135372.00,135142.00,141745.00,1615075834
0.01,-0.06,-1.00,0.04,0.0000,0.0000,0.00,89.04,1002.60,-0.02,0.07,1.00,-0.06,0.02,0.04,135381.00,135136.00,141745.00,1615075834
0.01,-0.06,-1.00,0.04,0.0000,0.0000,0.00,89.17,1002.58,-0.02,0.07,1.01,0.02,0.03,-0.06,135380.00,135132.00,141742.00,1615075834
0.01,-0.06,-1.00,0.05,0.0000,0.0000,0.00,89.17,1002.58,-0.02,0.27,1.02,1.50,-0.02,-8.65,135363.00,135135.00,141736.00,1615075834
0.01,-0.06,-1.00,0.05,0.0000,0.0000,0.00,88.96,1002.61,-0.01,0.14,1.00,0.47,-0.42,-3.15,135365.00,135127.00,141731.00,1615075834
0.01,-0.06,-1.00,0.05,0.0000,0.0000,0.00,88.96,1002.61,-0.01,0.15,1.00,-21.08,3.91,3.00,135375.00,135188.00,141725.00,1615075834
0.01,-0.07,-1.00,0.04,0.0000,0.0000,0.00,89.06,1002.60,-0.02,0.03,0.97,-36.61,6.61,28.80,135398.00,135258.00,141696.00,1615075834
0.01,-0.08,-1.00,0.03,0.0000,0.0000,0.00,89.06,1002.60,-0.02,0.17,0.97,-84.89,15.27,48.11,135453.00,135405.00,141642.00,1615075834
0.01,-0.09,-1.00,0.01,0.0000,0.0000,0.00,88.87,1002.62,-0.04,-0.01,1.07,-68.37,3.45,64.99,135502.00,135564.00,141626.00,1615075834
0.01,-0.10,-1.00,-0.01,0.0000,0.0000,0.00,88.87,1002.62,-0.05,-0.21,1.01,-31.26,5.43,19.00,135511.00,135634.00,141621.00,1615075834
0.02,-0.10,-0.99,-0.04,0.0000,0.0000,0.00,89.22,1002.58,-0.05,-0.25,1.01,-40.19,9.77,0.55,135518.00,135659.00,141620.00,1615075834
0.02,-0.10,-0.99,-0.04,0.0000,0.0000,0.00,89.22,1002.58,-0.04,-0.05,1.00,-5.37,-0.69,18.90,135525.00,135676.00,141653.00,1615075834
0.02,-0.10,-0.99,-0.04,0.0000,0.0000,0.00,89.22,1002.58,-0.06,-0.08,1.01,4.72,-0.20,11.52,135542.00,135692.00,141679.00,1615075834
0.02,-0.11,-0.99,-0.04,0.0000,0.0000,0.00,89.46,1002.55,-0.03,-0.04,1.01,-2.97,0.94,16.36,135558.00,135714.00,141689.00,1615075834
0.02,-0.11,-0.99,-0.03,0.0000,0.0000,0.00,89.46,1002.55,-0.02,-0.02,0.95,-9.16,0.66,16.03,135567.00,135750.00,141704.00,1615075835
0.01,-0.11,-0.99,-0.03,0.0000,0.0000,0.00,89.12,1002.59,-0.02,-0.05,0.92,5.44,-4.10,12.44,135576.00,135800.00,141742.00,1615075835
0.01,-0.11,-0.99,-0.03,0.0000,0.0000,0.00,89.12,1002.59,-0.02,-0.08,1.02,-1.80,0.47,-0.43,135567.00,135852.00,141791.00,1615075835
0.01,-0.11,-0.99,-0.03,0.0000,0.0000,0.00,89.49,1002.55,-0.05,-0.03,1.02,0.53,-0.91,-9.42,135554.00,135880.00,141849.00,1615075835
0.01,-0.11,-0.99,-0.02,0.0000,0.0000,0.00,89.49,1002.55,-0.03,-0.00,0.99,6.49,-0.19,-13.81,135548.00,135947.00,141942.00,1615075835
0.01,-0.11,-0.99,-0.03,0.0000,0.0000,0.00,89.59,1002.53,-0.04,-0.07,1.00,-8.92,3.20,2.33,135562.00,135912.00,142014.00,1615075835
0.02,-0.11,-0.99,-0.03,0.0000,0.0000,0.00,89.59,1002.53,-0.05,-0.09,1.01,-0.33,0.82,-9.36,135593.00,135961.00,142078.00,1615075835
0.02,-0.10,-0.99,-0.03,0.0000,0.0000,0.00,89.81,1002.51,-0.05,-0.08,1.00,0.25,0.58,-5.89,135628.00,135965.00,142194.00,1615075835
0.01,-0.11,-0.99,0.00,0.0000,0.0000,0.00,89.81,1002.51,-0.02,0.01,1.09,163.28,-36.14,9.51,135671.00,135949.00,142441.00,1615075835
0.01,-0.11,-0.99,-0.00,0.0000,0.0000,0.00,89.81,1002.51,-0.03,0.01,0.99,-24.87,4.23,-0.66,135673.00,136004.00,142425.00,1615075835
0.01,-0.11,-0.99,-0.00,0.0000,0.0000,0.00,89.20,1002.58,0.00,0.04,1.03,-16.68,3.09,-5.82,135672.00,136035.00,142439.00,1615075835
0.01,-0.11,-0.99,-0.00,0.0000,0.0000,0.00,89.20,1002.58,-0.04,-0.02,1.03,2.79,-0.62,4.56,135626.00,136034.00,142556.00,1615075835
0.01,-0.11,-0.99,0.02,0.0000,0.0000,0.00,89.30,1002.57,-0.05,0.01,1.01,94.93,-16.61,6.73,135561.00,135912.00,142750.00,1615075835
0.01,-0.11,-0.99,0.03,0.0000,0.0000,0.00,89.30,1002.57,-0.03,0.05,1.00,52.61,-9.09,1.78,135494.00,135833.00,142945.00,1615075835
0.00,-0.11,-0.99,0.05,0.0000,0.0000,0.00,89.29,1002.57,0.14,0.25,0.84,-6.53,1.15,-0.65,135444.00,135819.00,142906.00,1615075835
-0.00,-0.11,-0.99,0.05,0.0000,0.0000,0.00,89.29,1002.57,0.04,0.14,0.99,0.55,0.13,7.01,135395.00,135823.00,142804.00,1615075835
0.00,-0.11,-0.99,0.05,0.0000,0.0000,0.00,89.29,1002.57,-0.03,0.08,0.94,-12.45,2.25,-2.22,135341.00,135791.00,142850.00,1615075835
-0.00,-0.11,-0.99,0.05,0.0000,0.0000,0.00,89.20,1002.58,0.07,0.16,1.11,4.79,-0.95,-9.58,135236.00,135717.00,142887.00,1615075835
0.00,-0.11,-0.99,0.04,0.0000,0.0000,0.00,89.20,1002.58,-0.04,-0.01,1.10,-6.94,1.56,2.97,135326.00,135863.00,142807.00,1615075835
0.01,-0.11,-0.99,0.04,0.0000,0.0000,0.00,89.71,1002.52,-0.05,0.10,1.08,-10.11,0.97,-3.21,135365.00,135888.00,142626.00,1615075835
0.01,-0.11,-0.99,0.02,0.0000,0.0000,0.00,89.71,1002.52,-0.07,-0.25,1.19,22.60,-3.75,0.30,135342.00,135669.00,142521.00,1615075835
0.01,-0.10,-0.99,0.03,0.0000,0.0000,0.00,89.40,1002.56,-0.02,0.14,1.00,16.16,1.06,-13.97,135295.00,135590.00,142508.00,1615075835
-0.00,-0.10,-0.99,0.03,0.0000,0.0000,0.00,89.40,1002.56,0.08,0.03,1.01,34.03,-12.67,-25.87,135200.00,135395.00,142417.00,1615075835
0.01,-0.09,-0.99,0.05,0.0000,0.0000,0.00,89.12,1002.59,-0.06,0.21,1.02,8.06,-7.34,-28.98,135126.00,135288.00,142324.00,1615075835
0.00,-0.08,-1.00,0.05,0.0000,0.0000,0.00,89.12,1002.59,-0.01,0.17,0.97,-3.46,-17.18,-34.00,135070.00,135194.00,142244.00,1615075835
0.00,-0.08,-1.00,0.05,0.0000,0.0000,0.00,89.41,1002.56,0.00,0.13,1.00,-8.78,-8.03,-9.91,135015.00,135138.00,142159.00,1615075835
-0.00,-0.07,-1.00,0.06,0.0000,0.0000,0.00,89.41,1002.56,0.06,0.12,1.01,0.14,-3.64,-35.72,134957.00,135057.00,142058.00,1615075835
-0.00,-0.07,-1.00,0.06,0.0000,0.0000,0.00,89.41,1002.56,0.00,0.18,0.97,-6.15,-11.76,-21.20,134928.00,134999.00,142005.00,1615075835
0.00,-0.06,-1.00,0.05,0.0000,0.0000,0.00,89.24,1002.58,-0.06,0.10,1.12,-49.25,-4.24,-26.90,134926.00,135102.00,141936.00,1615075836
-0.01,-0.05,-1.00,0.04,0.0000,0.0000,0.00,89.24,1002.58,0.08,0.14,0.95,-81.58,-2.71,-57.86,134905.00,135100.00,141822.00,1615075836
-0.00,-0.04,-1.00,0.03,0.0000,0.0000,0.00,89.00,1002.60,-0.07,-0.04,1.07,-15.68,-11.98,-32.96,134895.00,135065.00,141804.00,1615075836
0.00,-0.03,-1.00,0.00,0.0000,0.0000,0.00,89.00,1002.60,-0.06,-0.27,1.12,-10.57,-12.91,-37.48,134913.00,135019.00,141780.00,1615075836
-0.00,-0.02,-1.00,-0.01,0.0000,0.0000,0.00,89.48,1002.55,0.05,-0.01,1.04,-31.88,6.56,-48.17,134943.00,134978.00,141791.00,1615075836
-0.00,-0.01,-1.00,0.01,0.0000,0.0000,0.00,89.48,1002.55,0.03,0.10,1.07,20.30,-0.49,-34.68,134969.00,134907.00,141775.00,1615075836
-0.01,-0.01,-1.00,0.00,0.0000,0.0000,0.00,89.31,1002.57,0.06,-0.06,1.05,10.09,3.62,-7.17,135008.00,134902.00,141815.00,1615075836
-0.00,-0.01,-1.00,-0.01,0.0000,0.0000,0.00,89.31,1002.57,-0.00,-0.10,0.94,-13.40,13.22,-26.45,135048.00,134896.00,141825.00,1615075836
-0.01,-0.00,-1.00,-0.01,0.0000,0.0000,0.00,89.31,1002.57,0.07,-0.04,0.97,-17.81,5.69,-12.46,135103.00,134894.00,141834.00,1615075836
-0.00,-0.00,-1.00,-0.01,0.0000,0.0000,0.00,89.03,1002.60,-0.07,0.05,1.04,-5.80,-3.13,-10.71,135128.00,134921.00,141838.00,1615075836
0.00,-0.00,-1.00,-0.01,0.0000,0.0000,0.00,89.03,1002.60,-0.05,-0.08,1.02,9.36,-2.62,1.80,135165.00,134911.00,141874.00,1615075836
0.00,-0.00,-1.00,-0.02,0.0000,0.0000,0.00,89.34,1002.56,-0.03,-0.11,1.03,-3.29,0.20,-2.32,135206.00,134945.00,141908.00,1615075836
-0.00,0.00,-1.00,-0.03,0.0000,0.0000,0.00,89.34,1002.56,0.08,-0.10,0.93,-30.22,-2.82,-2.94,135244.00,134997.00,141947.00,1615075836
-0.00,-0.00,-1.00,-0.03,0.0000,0.0000,0.00,89.48,1002.55,-0.10,0.01,1.03,-28.83,-25.35,-1.71,135267.00,135075.00,142000.00,1615075836
-0.01,0.00,-1.00,-0.05,0.0000,0.0000,0.00,89.48,1002.55,0.04,-0.13,0.99,-51.25,-10.23,-1.89,135291.00,135116.00,142021.00,1615075836
-0.00,-0.00,-1.00,-0.05,0.0000,0.0000,0.00,88.93,1002.61,-0.02,-0.07,0.97,-35.16,1.43,-1.35,135322.00,135124.00,142011.00,1615075836
0.00,-0.00,-1.00,-0.06,0.0000,0.0000,0.00,88.93,1002.61,-0.01,-0.15,1.04,-7.31,12.07,4.06,135372.00,135132.00,142057.00,1615075836
0.00,0.00,-1.00,-0.06,0.0000,0.0000,0.00,88.93,1002.61,0.03,-0.08,1.04,-17.58,16.30,-6.42,135411.00,135134.00,142069.00,1615075836
0.01,-0.00,-1.00,-0.06,0.0000,0.0000,0.00,88.84,1002.62,-0.07,-0.15,1.09,-15.23,10.52,3.19,135461.00,135141.00,142085.00,1615075836
0.01,-0.00,-1.00,-0.07,0.0000,0.0000,0.00,88.84,1002.62,0.00,-0.19,1.07,-11.60,15.49,3.99,135502.00,135158.00,142130.00,1615075836
0.01,-0.00,-1.00,-0.07,0.0000,0.0000,0.00,89.35,1002.56,-0.04,-0.10,1.03,-8.71,13.73,2.45,135542.00,135160.00,142149.00,1615075836
0.02,-0.00,-1.00,-0.07,0.0000,0.0000,0.00,89.35,1002.56,-0.06,-0.17,1.04,-10.29,14.13,-0.07,135576.00,135141.00,142155.00,1615075836
0.02,-0.00,-1.00,-0.07,0.0000,0.0000,0.00,89.03,1002.60,-0.06,-0.14,1.02,-10.14,17.61,-2.45,135601.00,135135.00,142184.00,1615075836
0.03,-0.00,-1.00,-0.07,0.0000,0.0000,0.00,89.03,1002.60,-0.04,-0.10,0.99,0.01,22.97,8.29,135658.00,135100.00,142183.00,1615075836
0.03,-0.00,-1.00,-0.07,0.0000,0.0000,0.00,89.06,1002.60,-0.04,-0.13,0.98,5.62,21.93,5.36,135686.00,135061.00,142194.00,1615075836
0.03,-0.00,-1.00,-0.06,0.0000,0.0000,0.00,89.06,1002.60,-0.07,-0.07,0.97,24.59,14.66,-0.41,135713.00,134998.00,142246.00,1615075836
0.04,-0.00,-1.00,-0.04,0.0000,0.0000,0.00,89.06,1002.60,-0.09,-0.01,0.94,59.24,9.64,-2.02,135735.00,134913.00,142298.00,1615075836
0.04,-0.00,-1.00,-0.02,0.0000,0.0000,0.00,89.34,1002.56,-0.08,-0.04,0.93,85.18,12.82,2.64,135755.00,134764.00,142379.00,1615075836
0.04,-0.00,-1.00,-0.00,0.0000,0.0000,0.00,89.34,1002.56,-0.07,-0.04,0.93,106.95,6.07,3.07,135771.00,134595.00,142431.00,1615075837
0.04,-0.00,-1.00,0.03,0.0000,0.0000,0.00,89.62,1002.53,-0.11,0.07,0.97,134.06,0.21,5.99,135792.00,134337.00,142485.00,1615075837
0.04,-0.00,-1.00,0.05,0.0000,0.0000,0.00,89.62,1002.53,-0.04,0.03,0.94,148.09,2.15,15.99,135806.00,134093.00,142526.00,1615075837
0.03,-0.00,-1.00,0.07,0.0000,0.0000,0.00,89.27,1002.57,-0.02,0.04,0.94,127.52,-1.64,10.24,135811.00,133833.00,142499.00,1615075837
0.04,-0.01,-0.99,0.11,0.0000,0.0000,0.00,89.27,1002.57,-0.13,0.36,0.97,133.79,6.98,23.26,135821.00,133507.00,142460.00,1615075837
0.04,-0.01,-0.99,0.16,0.0000,0.0000,0.00,89.23,1002.58,-0.07,0.40,0.92,162.51,7.69,31.66,135846.00,133105.00,142339.00,1615075837
0.04,-0.02,-0.98,0.20,0.0000,0.0000,0.00,89.23,1002.58,-0.10,0.41,0.87,175.53,6.86,33.99,135857.00,132722.00,142207.00,1615075837
0.05,-0.02,-0.97,0.24,0.0000,0.0000,0.00,89.23,1002.58,-0.08,0.53,0.84,170.17,12.16,26.37,135859.00,132336.00,141999.00,1615075837
0.05,-0.03,-0.96,0.28,0.0000,0.0000,0.00,89.07,1002.60,-0.04,0.60,0.76,147.77,6.80,30.75,135862.00,131989.00,141806.00,1615075837
0.05,-0.04,-0.94,0.32,0.0000,0.0000,0.00,89.07,1002.60,-0.07,0.68,0.69,144.50,5.45,22.25,135845.00,131680.00,141602.00,1615075837
0.05,-0.04,-0.93,0.36,0.0000,0.0000,0.00,89.05,1002.60,-0.03,0.73,0.61,127.44,12.49,22.00,135841.00,131387.00,141385.00,1615075837
0.05,-0.04,-0.91,0.40,0.0000,0.0000,0.00,89.05,1002.60,-0.04,0.87,0.55,113.27,4.75,15.79,135844.00,131128.00,141176.00,1615075837
0.05,-0.05,-0.90,0.44,0.0000,0.0000,0.00,89.35,1002.56,-0.05,0.88,0.54,115.17,2.56,17.58,135834.00,130883.00,140925.00,1615075837
0.05,-0.05,-0.88,0.47,0.0000,0.0000,0.00,89.35,1002.56,-0.06,0.90,0.47,117.03,-1.66,21.38,135826.00,130671.00,140695.00,1615075837
0.05,-0.05,-0.86,0.50,0.0000,0.0000,0.00,88.91,1002.61,-0.03,0.94,0.37,106.43,-4.18,19.71,135818.00,130473.00,140404.00,1615075837
0.05,-0.05,-0.85,0.53,0.0000,0.0000,0.00,88.91,1002.61,0.01,0.92,0.34,95.67,-3.99,11.42,135804.00,130292.00,140139.00,1615075837
0.05,-0.05,-0.83,0.55,0.0000,0.0000,0.00,89.00,1002.60,-0.04,1.03,0.29,90.16,-10.38,-1.16,135785.00,130109.00,139949.00,1615075837
0.05,-0.04,-0.81,0.58,0.0000,0.0000,0.00,89.00,1002.60,-0.03,0.95,0.22,72.21,-6.75,-0.07,135773.00,130001.00,139770.00,1615075837
0.05,-0.04,-0.80,0.60,0.0000,0.0000,0.00,89.00,1002.60,-0.03,0.98,0.19,65.12,-1.42,1.33,135767.00,129881.00,139634.00,1615075837
0.05,-0.05,-0.78,0.62,0.0000,0.0000,0.00,89.32,1002.57,0.01,0.97,0.11,61.46,0.35,-6.71,135781.00,129812.00,139495.00,1615075837
0.05,-0.05,-0.77,0.64,0.0000,0.0000,0.00,89.32,1002.57,-0.01,1.04,0.09,71.24,-3.19,9.24,135763.00,129703.00,139341.00,1615075837
0.05,-0.05,-0.75,0.66,0.0000,0.0000,0.00,88.90,1002.62,0.01,1.02,0.04,75.42,-4.86,17.35,135730.00,129611.00,139152.00,1615075837
0.04,-0.05,-0.73,0.67,0.0000,0.0000,0.00,88.90,1002.62,0.03,1.02,0.00,74.88,-7.48,14.55,135712.00,129521.00,138987.00,1615075837
0.04,-0.05,-0.72,0.69,0.0000,0.0000,0.00,88.76,1002.63,0.04,1.08,-0.06,78.76,-6.96,6.21,135689.00,129430.00,138773.00,1615075837
0.04,-0.05,-0.70,0.71,0.0000,0.0000,0.00,88.76,1002.63,0.03,0.97,-0.09,85.80,-12.49,17.89,135649.00,129344.00,138584.00,1615075837
0.04,-0.06,-0.68,0.73,0.0000,0.0000,0.00,88.76,1002.63,0.06,0.93,-0.18,70.79,-8.97,8.63,135633.00,129292.00,138427.00,1615075837
0.03,-0.05,-0.66,0.75,0.0000,0.0000,0.00,89.03,1002.60,0.03,0.93,-0.20,64.87,-5.76,9.41,135625.00,129242.00,138289.00,1615075837
0.03,-0.05,-0.65,0.76,0.0000,0.0000,0.00,89.03,1002.60,0.01,0.95,-0.23,42.54,-7.74,7.91,135611.00,129217.00,138203.00,1615075837
0.03,-0.05,-0.64,0.77,0.0000,0.0000,0.00,89.25,1002.57,0.05,0.92,-0.24,20.64,0.23,-2.05,135614.00,129193.00,138142.00,1615075838
0.03,-0.05,-0.63,0.77,0.0000,0.0000,0.00,89.25,1002.57,0.01,0.96,-0.23,8.15,-2.43,2.21,135615.00,129177.00,138120.00,1615075838
0.03,-0.05,-0.63,0.77,0.0000,0.0000,0.00,89.08,1002.59,0.06,1.00,-0.24,7.63,1.01,0.44,135611.00,129171.00,138101.00,1615075838
0.03,-0.06,-0.63,0.78,0.0000,0.0000,0.00,89.08,1002.59,0.09,0.99,-0.26,3.67,-1.84,-1.03,135613.00,129167.00,138077.00,1615075838
0.03,-0.05,-0.62,0.78,0.0000,0.0000,0.00,89.00,1002.60,0.04,1.01,-0.26,1.89,-4.01,-0.57,135603.00,129165.00,138077.00,1615075838
0.03,-0.06,-0.62,0.78,0.0000,0.0000,0.00,89.00,1002.60,0.06,0.96,-0.27,-1.06,0.02,-0.51,135612.00,129169.00,138079.00,1615075838
0.03,-0.05,-0.62,0.78,0.0000,0.0000,0.00,89.00,1002.60,0.04,0.99,-0.26,3.98,-4.65,1.65,135608.00,129180.00,138088.00,1615075838
0.03,-0.05,-0.62,0.79,0.0000,0.0000,0.00,89.17,1002.58,0.03,0.91,-0.27,-5.71,1.02,-0.99,135605.00,129185.00,138072.00,1615075838
0.03,-0.05,-0.61,0.79,0.0000,0.0000,0.00,89.17,1002.58,0.06,0.95,-0.27,-11.63,1.51,-2.72,135600.00,129195.00,138096.00,1615075838
0.03,-0.05,-0.61,0.79,0.0000,0.0000,0.00,89.43,1002.55,0.06,0.97,-0.26,-2.73,-4.54,-4.23,135608.00,129189.00,138099.00,1615075838
0.03,-0.05,-0.61,0.79,0.0000,0.0000,0.00,89.43,1002.55,0.04,0.92,-0.25,-3.53,-4.43,-1.11,135617.00,129205.00,138128.00,1615075838
0.03,-0.05,-0.61,0.79,0.0000,0.0000,0.00,89.17,1002.58,0.05,0.92,-0.27,-11.80,3.09,-2.28,135620.00,129214.00,138148.00,1615075838
0.03,-0.05,-0.61,0.79,0.0000,0.0000,0.00,89.17,1002.58,0.06,1.01,-0.24,-9.59,-0.89,0.61,135617.00,129213.00,138162.00,1615075838
0.03,-0.05,-0.62,0.79,0.0000,0.0000,0.00,89.50,1002.54,0.03,0.91,-0.23,-8.31,-2.85,-0.65,135617.00,129218.00,138185.00,1615075838
0.03,-0.05,-0.62,0.78,0.0000,0.0000,0.00,89.50,1002.54,0.04,0.93,-0.24,-41.67,4.20,-1.41,135624.00,129240.00,138274.00,1615075838
0.03,-0.05,-0.63,0.78,0.0000,0.0000,0.00,89.30,1002.57,0.04,0.99,-0.21,-42.27,6.07,-1.11,135625.00,129281.00,138392.00,1615075838
0.03,-0.05,-0.64,0.77,0.0000,0.0000,0.00,89.30,1002.57,0.03,0.91,-0.17,-64.63,-1.16,-1.47,135633.00,129319.00,138539.00,1615075838
0.03,-0.05,-0.65,0.75,0.0000,0.0000,0.00,89.30,1002.57,0.04,0.92,-0.13,-91.00,4.39,1.84,135638.00,129403.00,138767.00,1615075838
0.03,-0.06,-0.68,0.73,0.0000,0.0000,0.00,89.30,1002.57,0.03,1.00,-0.03,-111.44,4.93,3.76,135643.00,129498.00,139032.00,1615075838
0.03,-0.06,-0.70,0.72,0.0000,0.0000,0.00,89.30,1002.57,0.05,1.06,0.01,-109.85,4.39,6.73,135643.00,129636.00,139299.00,1615075838
0.02,-0.06,-0.71,0.70,0.0000,0.0000,0.00,89.33,1002.56,0.06,1.05,0.08,-97.46,-2.25,4.48,135645.00,129758.00,139521.00,1615075838
0.02,-0.06,-0.73,0.68,0.0000,0.0000,0.00,89.33,1002.56,0.06,1.03,0.14,-100.83,-4.64,0.16,135646.00,129902.00,139764.00,1615075838
0.02,-0.06,-0.75,0.65,0.0000,0.0000,0.00,89.38,1002.56,0.01,0.98,0.23,-102.36,-6.10,2.32,135655.00,130080.00,140020.00,1615075838
0.02,-0.06,-0.77,0.63,0.0000,0.0000,0.00,89.38,1002.56,0.05,0.92,0.25,-106.76,0.85,-1.09,135650.00,130274.00,140292.00,1615075838
0.02,-0.06,-0.79,0.61,0.0000,0.0000,0.00,89.38,1002.56,0.05,0.94,0.34,-120.06,0.42,-1.62,135663.00,130493.00,140542.00,1615075838
0.01,-0.06,-0.81,0.58,0.0000,0.0000,0.00,89.45,1002.55,0.04,0.92,0.42,-116.10,-5.70,-1.49,135672.00,130727.00,140799.00,1615075838
0.01,-0.06,-0.83,0.55,0.0000,0.0000,0.00,89.45,1002.55,0.03,0.87,0.46,-121.05,-4.40,-3.65,135673.00,131005.00,141099.00,1615075838
0.01,-0.06,-0.85,0.52,0.0000,0.0000,0.00,88.59,1002.65,0.05,0.88,0.55,-125.01,-3.52,-7.09,135677.00,131279.00,141317.00,1615075838
0.01,-0.06,-0.87,0.49,0.0000,0.0000,0.00,88.59,1002.65,0.04,0.84,0.62,-113.94,-1.98,-6.48,135672.00,131547.00,141547.00,1615075839
0.01,-0.06,-0.89,0.46,0.0000,0.0000,0.00,89.11,1002.59,0.04,0.77,0.67,-115.19,-2.08,-12.32,135689.00,131814.00,141733.00,1615075839
0.01,-0.05,-0.90,0.43,0.0000,0.0000,0.00,89.11,1002.59,0.01,0.78,0.70,-112.24,-0.57,-17.21,135690.00,132075.00,141901.00,1615075839
0.01,-0.05,-0.91,0.40,0.0000,0.0000,0.00,89.08,1002.59,0.05,0.69,0.72,-114.36,-8.16,-25.66,135699.00,132359.00,142061.00,1615075839
0.01,-0.05,-0.93,0.37,0.0000,0.0000,0.00,89.08,1002.59,-0.00,0.59,0.80,-87.16,4.59,-11.10,135698.00,132566.00,142188.00,1615075839
0.01,-0.04,-0.94,0.34,0.0000,0.0000,0.00,89.08,1002.59,0.02,0.53,0.80,-101.27,6.99,-18.81,135711.00,132811.00,142264.00,1615075839
0.01,-0.04,-0.95,0.32,0.0000,0.0000,0.00,89.48,1002.55,-0.00,0.57,0.85,-101.83,-5.65,-24.61,135699.00,133079.00,142351.00,1615075839
0.01,-0.04,-0.96,0.29,0.0000,0.0000,0.00,89.48,1002.55,-0.00,0.44,0.87,-91.99,1.95,-17.26,135685.00,133316.00,142420.00,1615075839
0.01,-0.03,-0.97,0.26,0.0000,0.0000,0.00,89.31,1002.57,-0.01,0.40,0.89,-90.51,-1.24,-12.53,135671.00,133533.00,142480.00,1615075839
0.01,-0.03,-0.97,0.23,0.0000,0.0000,0.00,89.31,1002.57,-0.01,0.39,0.92,-92.75,-2.93,-18.96,135640.00,133766.00,142534.00,1615075839
0.01,-0.03,-0.98,0.20,0.0000,0.0000,0.00,89.15,1002.59,-0.04,0.32,0.95,-105.17,-5.81,-15.17,135605.00,133992.00,142566.00,1615075839
0.01,-0.03,-0.98,0.18,0.0000,0.0000,0.00,89.15,1002.59,0.01,0.35,0.98,-90.52,-12.05,-7.72,135600.00,134183.00,142548.00,1615075839
0.01,-0.02,-0.99,0.15,0.0000,0.0000,0.00,89.15,1002.59,-0.03,0.19,0.98,-76.62,-6.66,-9.45,135580.00,134344.00,142566.00,1615075839
0.01,-0.02,-0.99,0.12,0.0000,0.0000,0.00,89.23,1002.58,0.00,0.10,0.99,-88.77,-4.15,-2.61,135563.00,134529.00,142535.00,1615075839
0.01,-0.02,-1.00,0.09,0.0000,0.0000,0.00,89.23,1002.58,-0.04,0.15,1.05,-89.39,-3.92,-4.09,135548.00,134680.00,142474.00,1615075839
0.00,-0.02,-1.00,0.06,0.0000,0.0000,0.00,89.35,1002.56,0.01,0.01,1.00,-90.77,-2.72,-8.14,135532.00,134847.00,142441.00,1615075839
0.00,-0.02,-1.00,0.03,0.0000,0.0000,0.00,89.35,1002.56,0.00,-0.00,1.01,-99.10,-7.07,-16.60,135510.00,135020.00,142377.00,1615075839
0.00,-0.02,-1.00,-0.00,0.0000,0.0000,0.00,89.13,1002.59,-0.01,-0.12,1.04,-117.15,-5.72,-7.05,135475.00,135201.00,142279.00,1615075839
-0.00,-0.01,-1.00,-0.04,0.0000,0.0000,0.00,89.13,1002.59,-0.00,-0.23,1.01,-117.93,-7.95,-6.45,135443.00,135365.00,142143.00,1615075839
-0.00,-0.01,-1.00,-0.08,0.0000,0.0000,0.00,89.26,1002.57,-0.02,-0.22,1.06,-137.89,-3.19,-17.95,135420.00,135495.00,142000.00,1615075839
-0.00,-0.01,-0.99,-0.11,0.0000,0.0000,0.00,89.26,1002.57,0.00,-0.28,1.04,-140.81,-2.66,-15.44,135391.00,135618.00,141822.00,1615075839
-0.00,-0.01,-0.99,-0.16,0.0000,0.0000,0.00,89.26,1002.57,0.00,-0.48,0.97,-154.72,-0.47,-15.96,135364.00,135729.00,141557.00,1615075839
-0.00,-0.00,-0.98,-0.20,0.0000,0.0000,0.00,89.41,1002.56,-0.01,-0.42,0.98,-169.89,1.83,-30.37,135330.00,135809.00,141332.00,1615075839
-0.00,0.00,-0.97,-0.25,0.0000,0.0000,0.00,89.41,1002.56,0.01,-0.66,0.86,-161.45,6.36,-19.79,135307.00,135860.00,141001.00,1615075839
-0.00,0.02,-0.96,-0.29,0.0000,0.0000,0.00,89.29,1002.57,0.04,-0.59,0.82,-178.61,7.67,-35.17,135268.00,135874.00,140672.00,1615075839
-0.00,0.02,-0.94,-0.33,0.0000,0.0000,0.00,89.29,1002.57,0.02,-0.71,0.70,-155.14,11.70,-31.08,135221.00,135867.00,140329.00,1615075839
-0.00,0.03,-0.93,-0.37,0.0000,0.0000,0.00,89.39,1002.56,0.06,-0.82,0.67,-155.88,15.13,-28.08,135207.00,135823.00,140051.00,1615075839
0.00,0.05,-0.90,-0.43,0.0000,0.0000,0.00,89.39,1002.56,0.06,-0.86,0.33,-150.15,45.27,-54.93,135124.00,135757.00,139649.00,1615075839
-0.00,0.07,-0.88,-0.47,0.0000,0.0000,0.00,89.31,1002.57,0.13,-0.92,0.42,-133.72,8.54,-35.54,135057.00,135657.00,139339.00,1615075840
-0.00,0.07,-0.86,-0.51,0.0000,0.0000,0.00,89.31,1002.57,0.08,-1.01,0.36,-144.93,9.14,-41.04,134997.00,135538.00,139025.00,1615075840
-0.00,0.08,-0.83,-0.55,0.0000,0.0000,0.00,89.07,1002.60,0.15,-0.91,0.24,-139.47,14.32,-33.13,134946.00,135393.00,138704.00,1615075840
-0.00,0.09,-0.81,-0.58,0.0000,0.0000,0.00,89.07,1002.60,0.14,-0.95,0.18,-124.95,20.91,-29.02,134900.00,135282.00,138480.00,1615075840
-0.00,0.11,-0.78,-0.62,0.0000,0.0000,0.00,89.16,1002.58,0.21,-1.02,0.05,-127.50,16.96,-27.15,134862.00,135125.00,138227.00,1615075840
-0.00,0.12,-0.75,-0.65,0.0000,0.0000,0.00,89.16,1002.58,0.22,-0.95,0.02,-125.40,12.51,-25.76,134825.00,134956.00,137969.00,1615075840
-0.01,0.12,-0.73,-0.67,0.0000,0.0000,0.00,89.38,1002.56,0.20,-0.93,-0.03,-85.04,-3.10,-13.95,134805.00,134824.00,137792.00,1615075840
-0.01,0.12,-0.71,-0.69,0.0000,0.0000,0.00,89.38,1002.56,0.19,-0.97,-0.09,-75.35,0.40,-7.49,134794.00,134723.00,137663.00,1615075840
-0.01,0.13,-0.69,-0.71,0.0000,0.0000,0.00,88.91,1002.62,0.27,-1.01,-0.15,-91.12,26.73,-1.02,134768.00,134602.00,137477.00,1615075840
-0.00,0.14,-0.66,-0.74,0.0000,0.0000,0.00,88.91,1002.62,0.28,-0.90,-0.20,-86.77,18.06,5.18,134761.00,134481.00,137343.00,1615075840
0.00,0.14,-0.64,-0.75,0.0000,0.0000,0.00,89.03,1002.60,0.25,-0.96,-0.24,-73.98,20.58,12.47,134762.00,134368.00,137194.00,1615075840
0.01,0.14,-0.62,-0.77,0.0000,0.0000,0.00,89.03,1002.60,0.22,-0.85,-0.32,-94.20,19.68,15.65,134746.00,134246.00,137051.00,1615075840
0.01,0.14,-0.60,-0.79,0.0000,0.0000,0.00,89.03,1002.60,0.22,-0.79,-0.37,-39.35,24.54,12.27,134731.00,134185.00,136989.00,1615075840
0.01,0.14,-0.58,-0.80,0.0000,0.0000,0.00,88.92,1002.61,0.22,-0.87,-0.40,-21.86,22.19,11.66,134726.00,134165.00,136946.00,1615075840
0.01,0.15,-0.57,-0.81,0.0000,0.0000,0.00,88.92,1002.61,0.28,-0.85,-0.40,-26.27,18.73,11.95,134732.00,134123.00,136897.00,1615075840
0.01,0.15,-0.56,-0.82,0.0000,0.0000,0.00,89.39,1002.56,0.26,-0.80,-0.42,-9.18,4.74,17.33,134745.00,134128.00,136884.00,1615075840
0.01,0.14,-0.55,-0.82,0.0000,0.0000,0.00,89.39,1002.56,0.22,-0.86,-0.44,9.98,-3.88,12.26,134763.00,134133.00,136890.00,1615075840
0.01,0.14,-0.55,-0.82,0.0000,0.0000,0.00,89.49,1002.55,0.20,-0.73,-0.38,24.67,-5.86,14.59,134779.00,134182.00,136937.00,1615075840
0.01,0.14,-0.55,-0.82,0.0000,0.0000,0.00,89.49,1002.55,0.22,-0.82,-0.38,47.97,-8.13,15.10,134803.00,134267.00,137014.00,1615075840
0.01,0.13,-0.56,-0.82,0.0000,0.0000,0.00,89.50,1002.54,0.20,-0.86,-0.32,46.40,-8.67,12.23,134816.00,134333.00,137079.00,1615075840
0.00,0.13,-0.57,-0.81,0.0000,0.0000,0.00,89.50,1002.54,0.19,-0.79,-0.30,64.39,-9.19,5.53,134832.00,134442.00,137199.00,1615075840
0.00,0.13,-0.58,-0.80,0.0000,0.0000,0.00,89.50,1002.54,0.22,-0.93,-0.34,81.01,-10.06,0.36,134847.00,134553.00,137321.00,1615075840
-0.00,0.12,-0.60,-0.79,0.0000,0.0000,0.00,89.37,1002.56,0.14,-0.91,-0.22,81.19,-16.52,-4.88,134847.00,134689.00,137474.00,1615075840
-0.01,0.11,-0.62,-0.78,0.0000,0.0000,0.00,89.37,1002.56,0.17,-0.97,-0.20,132.04,-20.25,10.76,134880.00,134874.00,137693.00,1615075840
-0.01,0.10,-0.64,-0.76,0.0000,0.0000,0.00,89.55,1002.54,0.11,-1.02,-0.07,92.70,-15.67,-1.16,134875.00,134986.00,137865.00,1615075840
-0.01,0.10,-0.67,-0.73,0.0000,0.0000,0.00,89.55,1002.54,0.11,-0.82,0.03,131.22,-15.75,15.42,134898.00,135158.00,138117.00,1615075840
-0.01,0.09,-0.69,-0.72,0.0000,0.0000,0.00,89.19,1002.58,0.15,-1.28,-0.03,76.68,-3.82,3.51,134907.00,135237.00,138292.00,1615075840
-0.01,0.09,-0.72,-0.69,0.0000,0.0000,0.00,89.19,1002.58,0.11,-0.67,0.16,115.47,-6.38,32.33,134952.00,135346.00,138495.00,1615075840
-0.01,0.08,-0.74,-0.67,0.0000,0.0000,0.00,89.19,1002.58,0.16,-1.02,0.09,165.39,-9.82,46.80,134989.00,135482.00,138785.00,1615075841
-0.01,0.07,-0.76,-0.64,0.0000,0.0000,0.00,89.80,1002.51,0.00,-1.07,0.27,109.45,-12.85,16.97,135024.00,135576.00,139030.00,1615075841
-0.01,0.06,-0.79,-0.61,0.0000,0.0000,0.00,89.80,1002.51,0.10,-0.89,0.32,141.82,-6.85,33.77,135076.00,135658.00,139318.00,1615075841
-0.01,0.06,-0.81,-0.58,0.0000,0.0000,0.00,89.68,1002.52,0.05,-0.90,0.44,135.63,-10.15,30.65,135103.00,135710.00,139582.00,1615075841
-0.00,0.05,-0.84,-0.55,0.0000,0.0000,0.00,89.68,1002.52,0.04,-0.86,0.46,148.00,-8.46,27.94,135133.00,135747.00,139857.00,1615075841
-0.00,0.04,-0.86,-0.51,0.0000,0.0000,0.00,89.41,1002.56,0.03,-0.83,0.57,168.42,-4.84,21.53,135169.00,135751.00,140179.00,1615075841
-0.00,0.04,-0.88,-0.47,0.0000,0.0000,0.00,89.41,1002.56,0.03,-0.80,0.62,141.56,-1.98,18.51,135192.00,135748.00,140439.00,1615075841
0.00,0.03,-0.90,-0.43,0.0000,0.0000,0.00,89.43,1002.55,-0.01,-0.67,0.72,141.66,-8.82,23.00,135220.00,135718.00,140686.00,1615075841
0.00,0.03,-0.92,-0.40,0.0000,0.0000,0.00,89.43,1002.55,-0.01,-0.71,0.74,141.25,-8.16,22.25,135237.00,135652.00,140929.00,1615075841
0.00,0.02,-0.93,-0.36,0.0000,0.0000,0.00,89.43,1002.55,0.00,-0.54,0.83,148.85,-3.83,11.34,135265.00,135574.00,141156.00,1615075841
0.00,0.02,-0.95,-0.32,0.0000,0.0000,0.00,89.29,1002.57,-0.01,-0.59,0.86,151.84,-12.79,26.11,135279.00,135447.00,141346.00,1615075841
0.00,0.01,-0.96,-0.28,0.0000,0.0000,0.00,89.29,1002.57,-0.03,-0.44,0.92,140.42,-6.99,17.11,135301.00,135280.00,141539.00,1615075841
0.01,0.01,-0.97,-0.25,0.0000,0.0000,0.00,89.98,1002.49,-0.03,-0.41,0.94,116.94,-5.71,9.70,135305.00,135138.00,141687.00,1615075841
0.01,0.00,-0.98,-0.21,0.0000,0.0000,0.00,89.98,1002.49,-0.02,-0.27,0.99,114.33,-2.35,16.97,135319.00,134959.00,141809.00,1615075841
0.00,-0.00,-0.99,-0.17,0.0000,0.0000,0.00,89.47,1002.55,0.01,-0.20,1.02,111.74,2.04,16.12,135341.00,134800.00,141895.00,1615075841
0.01,-0.01,-0.99,-0.14,0.0000,0.0000,0.00,89.47,1002.55,-0.02,-0.20,1.04,90.45,8.10,15.74,135368.00,134622.00,141948.00,1615075841
0.01,-0.01,-0.99,-0.11,0.0000,0.0000,0.00,89.33,1002.56,-0.05,-0.06,1.10,44.90,9.91,17.07,135401.00,134487.00,141974.00,1615075841
0.01,-0.01,-0.99,-0.10,0.0000,0.0000,0.00,89.33,1002.56,0.02,-0.14,0.95,16.63,13.12,7.36,135426.00,134456.00,141994.00,1615075841
0.01,-0.01,-1.00,-0.09,0.0000,0.0000,0.00,89.78,1002.51,-0.02,-0.03,0.99,4.55,12.81,1.56,135444.00,134437.00,141991.00,1615075841
0.01,-0.02,-1.00,-0.08,0.0000,0.0000,0.00,89.78,1002.51,-0.01,-0.04,0.98,6.44,15.46,-1.70,135456.00,134423.00,141988.00,1615075841
0.02,-0.01,-1.00,-0.06,0.0000,0.0000,0.00,89.30,1002.57,-0.06,0.00,1.01,-2.75,8.06,-5.69,135460.00,134432.00,141984.00,1615075841
0.02,-0.01,-1.00,-0.05,0.0000,0.0000,0.00,89.30,1002.57,-0.06,-0.02,1.02,0.89,9.32,-7.68,135480.00,134414.00,141975.00,1615075841
0.02,-0.01,-1.00,-0.05,0.0000,0.0000,0.00,89.30,1002.57,-0.07,-0.03,1.01,2.83,8.03,-1.70,135482.00,134428.00,141984.00,1615075841
0.03,-0.00,-1.00,-0.04,0.0000,0.0000,0.00,88.85,1002.62,-0.08,-0.02,0.98,2.40,8.43,-0.95,135486.00,134420.00,141977.00,1615075841
0.03,-0.01,-1.00,-0.03,0.0000,0.0000,0.00,88.85,1002.62,-0.04,0.02,0.98,7.04,2.85,0.10,135497.00,134414.00,141989.00,1615075841
0.03,-0.00,-1.00,-0.02,0.0000,0.0000,0.00,89.39,1002.56,-0.07,0.01,0.99,13.30,-2.98,0.65,135489.00,134376.00,141984.00,1615075841
0.03,-0.01,-1.00,-0.02,0.0000,0.0000,0.00,89.39,1002.56,-0.06,-0.05,0.96,13.99,-2.74,2.13,135488.00,134370.00,142004.00,1615075841
0.03,-0.00,-1.00,-0.02,0.0000,0.0000,0.00,89.02,1002.60,-0.10,0.03,1.02,-2.44,-1.95,-6.65,135481.00,134385.00,141998.00,1615075842
0.03,0.00,-1.00,-0.01,0.0000,0.0000,0.00,89.02,1002.60,-0.06,-0.01,1.00,3.61,-2.00,-11.94,135476.00,134389.00,142034.00,1615075842
0.03,0.00,-1.00,-0.01,0.0000,0.0000,0.00,89.10,1002.59,-0.08,-0.03,1.04,4.50,-1.32,-12.12,135467.00,134393.00,142037.00,1615075842
0.03,0.01,-1.00,-0.02,0.0000,0.0000,0.00,89.10,1002.59,-0.05,-0.06,1.02,-12.00,-2.57,-11.95,135457.00,134436.00,142060.00,1615075842
0.03,0.01,-1.00,-0.02,0.0000,0.0000,0.00,89.10,1002.59,-0.06,0.00,1.03,-7.17,-0.85,-19.43,135446.00,134463.00,142056.00,1615075842
0.03,0.01,-1.00,-0.01,0.0000,0.0000,0.00,89.14,1002.59,-0.09,-0.00,1.05,0.61,-3.86,-6.13,135441.00,134443.00,142070.00,1615075842
0.03,0.01,-1.00,-0.01,0.0000,0.0000,0.00,89.14,1002.59,-0.09,-0.05,1.02,0.87,-2.05,-0.18,135427.00,134444.00,142052.00,1615075842
0.03,0.02,-1.00,-0.01,0.0000,0.0000,0.00,88.89,1002.62,-0.08,-0.01,1.02,-4.80,-2.38,-7.22,135420.00,134441.00,142061.00,1615075842
0.03,0.02,-1.00,-0.01,0.0000,0.0000,0.00,88.89,1002.62,-0.07,-0.01,0.99,4.59,-1.59,-6.51,135422.00,134432.00,142067.00,1615075842
0.03,0.02,-1.00,-0.01,0.0000,0.0000,0.00,89.04,1002.60,-0.08,-0.02,1.00,5.56,-2.30,-3.15,135420.00,134423.00,142049.00,1615075842
0.03,0.02,-1.00,-0.01,0.0000,0.0000,0.00,89.04,1002.60,-0.05,-0.04,1.01,3.94,1.35,-5.97,135412.00,134420.00,142074.00,1615075842
0.04,0.02,-1.00,-0.01,0.0000,0.0000,0.00,89.16,1002.58,-0.10,-0.01,1.02,5.02,3.01,-6.75,135413.00,134412.00,142089.00,1615075842
0.05,0.02,-1.00,-0.02,0.0000,0.0000,0.00,89.16,1002.58,-0.17,-0.18,1.01,29.44,14.72,30.08,135438.00,134361.00,142051.00,1615075842
0.05,0.02,-1.00,-0.02,0.0000,0.0000,0.00,89.16,1002.58,-0.06,-0.09,0.99,6.40,15.79,19.64,135448.00,134396.00,142033.00,1615075842
0.05,0.02,-1.00,-0.02,0.0000,0.0000,0.00,89.05,1002.60,-0.06,-0.04,1.01,-2.41,8.21,1.12,135466.00,134407.00,142034.00,1615075842
0.05,0.02,-1.00,-0.01,0.0000,0.0000,0.00,89.05,1002.60,-0.08,0.05,1.01,-0.51,7.32,-23.36,135462.00,134417.00,142037.00,1615075842
0.05,0.02,-1.00,-0.01,0.0000,0.0000,0.00,89.33,1002.56,-0.07,-0.04,0.99,1.72,10.15,-11.63,135458.00,134410.00,142030.00,1615075842
0.04,0.02,-1.00,-0.01,0.0000,0.0000,0.00,89.33,1002.56,-0.04,-0.02,0.97,-5.75,9.19,-12.92,135448.00,134428.00,142035.00,1615075842
0.05,0.03,-1.00,-0.01,0.0000,0.0000,0.00,89.12,1002.59,-0.19,0.01,1.04,18.80,-8.26,-7.56,135427.00,134388.00,142021.00,1615075842
0.03,0.03,-1.00,0.03,0.0000,0.0000,0.00,89.12,1002.59,0.01,0.08,1.12,142.50,-45.88,-5.28,135346.00,134150.00,141936.00,1615075842
0.02,0.03,-1.00,-0.00,0.0000,0.0000,0.00,89.12,1002.59,-0.11,0.02,1.12,-127.58,-59.38,11.67,135333.00,134296.00,141924.00,1615075842
0.01,0.02,-1.00,-0.03,0.0000,0.0000,0.00,89.36,1002.56,-0.01,-0.18,1.00,-83.85,-44.72,16.19,135356.00,134588.00,141948.00,1615075842
0.01,0.03,-1.00,-0.05,0.0000,0.0000,0.00,89.36,1002.56,0.04,-0.02,0.93,-133.22,-9.19,-33.23,135363.00,134859.00,141935.00,1615075842
0.01,0.03,-1.00,-0.09,0.0000,0.0000,0.00,89.23,1002.58,0.02,-0.17,0.80,-136.66,6.12,-20.69,135368.00,135128.00,141851.00,1615075842
0.01,0.04,-0.99,-0.12,0.0000,0.0000,0.00,89.23,1002.58,-0.01,-0.19,0.82,-168.70,19.61,-18.24,135367.00,135399.00,141705.00,1615075842
0.02,0.04,-0.99,-0.16,0.0000,0.0000,0.00,89.00,1002.60,-0.06,-0.43,1.14,-144.76,12.90,-20.45,135360.00,135524.00,141582.00,1615075842
0.02,0.05,-0.98,-0.17,0.0000,0.0000,0.00,89.00,1002.60,-0.06,-0.43,0.98,-38.83,-1.68,-25.90,135332.00,135571.00,141550.00,1615075842
0.02,0.05,-0.99,-0.16,0.0000,0.0000,0.00,89.14,1002.59,-0.05,-0.30,1.00,30.27,-7.28,-14.09,135316.00,135536.00,141585.00,1615075842
0.02,0.05,-0.99,-0.16,0.0000,0.0000,0.00,89.14,1002.59,-0.03,-0.50,1.07,41.59,-3.04,-6.53,135287.00,135457.00,141671.00,1615075842
-0.00,0.06,-0.99,-0.15,0.0000,0.0000,0.00,89.14,1002.59,0.14,-0.30,0.85,73.17,-26.47,-24.40,135246.00,135366.00,141750.00,1615075843
-0.01,0.06,-0.99,-0.14,0.0000,0.0000,0.00,89.53,1002.54,0.09,-0.31,0.98,60.83,-13.01,-17.98,135223.00,135274.00,141815.00,1615075843
-0.02,0.07,-0.99,-0.13,0.0000,0.0000,0.00,89.53,1002.54,0.12,-0.23,0.77,58.95,2.27,-6.47,135210.00,135197.00,141857.00,1615075843
-0.02,0.07,-0.99,-0.12,0.0000,0.0000,0.00,89.24,1002.58,0.11,-0.20,0.93,58.60,15.61,-3.32,135220.00,135114.00,141888.00,1615075843
-0.03,0.07,-0.99,-0.10,0.0000,0.0000,0.00,89.24,1002.58,0.09,-0.20,1.05,88.84,-19.37,-8.58,135206.00,134936.00,141970.00,1615075843
-0.04,0.07,-0.99,-0.07,0.0000,0.0000,0.00,89.15,1002.59,0.10,-0.15,1.05,148.19,-19.62,9.02,135185.00,134669.00,142024.00,1615075843
-0.05,0.06,-1.00,-0.01,0.0000,0.0000,0.00,89.15,1002.59,0.13,0.10,1.08,212.22,-36.19,26.95,135164.00,134280.00,142069.00,1615075843
-0.05,0.05,-1.00,0.04,0.0000,0.0000,0.00,89.15,1002.59,-0.02,0.03,1.11,250.07,-45.56,38.80,135138.00,133825.00,142027.00,1615075843
-0.07,0.05,-0.99,0.09,0.0000,0.0000,0.00,89.06,1002.60,0.18,0.20,1.04,250.13,-43.62,4.83,135084.00,133248.00,141883.00,1615075843
-0.09,0.05,-0.98,0.16,0.0000,0.0000,0.00,89.06,1002.60,0.21,0.43,0.90,250.13,-56.15,7.73,135007.00,132611.00,141615.00,1615075843
-0.10,0.04,-0.97,0.22,0.0000,0.0000,0.00,89.03,1002.60,0.10,0.52,0.81,250.13,-61.45,32.29,134953.00,132078.00,141287.00,1615075843
-0.12,0.04,-0.95,0.28,0.0000,0.0000,0.00,89.03,1002.60,0.29,0.73,0.87,250.13,-43.28,8.73,134887.00,131452.00,140822.00,1615075843
-0.14,0.03,-0.93,0.34,0.0000,0.0000,0.00,89.47,1002.55,0.18,0.60,0.50,250.13,-77.54,46.28,134779.00,130914.00,140265.00,1615075843
-0.16,0.02,-0.90,0.40,0.0000,0.0000,0.00,89.47,1002.55,0.20,0.51,0.38,250.13,-64.40,16.52,134741.00,130575.00,139854.00,1615075843
-0.18,0.02,-0.87,0.47,0.0000,0.0000,0.00,89.47,1002.55,0.31,0.92,0.17,203.61,-41.57,-4.69,134705.00,130266.00,139412.00,1615075843
-0.19,0.03,-0.83,0.53,0.0000,0.0000,0.00,89.15,1002.59,0.17,0.93,0.18,250.13,-41.27,36.39,134645.00,129979.00,138903.00,1615075843
-0.20,0.00,-0.78,0.59,0.0000,0.0000,0.00,89.15,1002.59,0.35,0.83,-0.08,204.79,-49.44,8.16,134606.00,129789.00,138442.00,1615075843
-0.22,-0.00,-0.73,0.65,0.0000,0.0000,0.00,89.35,1002.56,0.29,1.00,-0.22,249.61,-37.23,34.39,134546.00,129635.00,137927.00,1615075843
-0.23,-0.05,-0.67,0.71,0.0000,0.0000,0.00,89.35,1002.56,0.42,0.67,-0.38,250.13,-34.39,42.97,134481.00,129550.00,137371.00,1615075843
-0.24,-0.06,-0.61,0.76,0.0000,0.0000,0.00,89.46,1002.55,0.36,0.65,-0.55,212.94,-20.26,-1.82,134479.00,129576.00,136906.00,1615075843
-0.25,-0.08,-0.55,0.79,0.0000,0.0000,0.00,89.46,1002.55,0.41,0.63,-0.58,183.98,-22.48,7.02,134477.00,129627.00,136570.00,1615075843
-0.26,-0.09,-0.48,0.83,0.0000,0.0000,0.00,89.42,1002.55,0.34,0.45,-0.71,235.57,-43.74,-6.53,134491.00,129754.00,136235.00,1615075843
-0.27,-0.08,-0.42,0.86,0.0000,0.0000,0.00,89.42,1002.55,0.31,0.47,-0.82,176.62,-36.34,0.63,134528.00,129920.00,135973.00,1615075843
-0.28,-0.08,-0.36,0.89,0.0000,0.0000,0.00,89.73,1002.52,0.31,0.29,-0.94,168.08,-53.89,-6.85,134581.00,130093.00,135781.00,1615075843
-0.28,-0.08,-0.31,0.91,0.0000,0.0000,0.00,89.73,1002.52,0.26,0.22,-0.82,135.96,-51.76,-15.20,134633.00,130288.00,135632.00,1615075843
-0.30,-0.08,-0.25,0.92,0.0000,0.0000,0.00,89.57,1002.54,0.23,0.15,-0.94,115.80,-55.02,4.76,134703.00,130446.00,135520.00,1615075843
-0.29,-0.08,-0.20,0.93,0.0000,0.0000,0.00,89.57,1002.54,0.21,0.02,-0.95,127.93,-59.77,-25.77,134771.00,130606.00,135441.00,1615075843
-0.30,-0.07,-0.15,0.94,0.0000,0.0000,0.00,89.63,1002.53,0.13,-0.04,-0.96,98.40,-63.43,-20.06,134853.00,130763.00,135388.00,1615075844
-0.30,-0.06,-0.11,0.95,0.0000,0.0000,0.00,89.63,1002.53,0.12,-0.03,-0.99,104.87,-63.56,-17.35,134930.00,130910.00,135346.00,1615075844
-0.30,-0.06,-0.07,0.95,0.0000,0.0000,0.00,89.25,1002.57,0.13,-0.11,-1.14,80.59,-57.98,-14.14,134996.00,130995.00,135311.00,1615075844
-0.30,-0.05,-0.04,0.95,0.0000,0.0000,0.00,89.25,1002.57,0.05,-0.12,-1.06,29.05,-37.41,-11.28,135057.00,131067.00,135306.00,1615075844
-0.31,-0.04,-0.03,0.95,0.0000,0.0000,0.00,89.25,1002.57,0.05,-0.12,-1.11,11.83,-27.97,-4.98,135080.00,131063.00,135306.00,1615075844
-0.31,-0.03,-0.02,0.95,0.0000,0.0000,0.00,89.55,1002.54,0.04,-0.11,-1.16,-31.04,-14.02,-0.00,135098.00,131025.00,135299.00,1615075844
-0.31,-0.03,-0.02,0.95,0.0000,0.0000,0.00,89.55,1002.54,0.06,-0.08,-1.10,-61.72,1.14,5.30,135098.00,130889.00,135316.00,1615075844
-0.32,-0.02,-0.05,0.95,0.0000,0.0000,0.00,89.20,1002.58,0.01,-0.10,-1.18,-202.78,21.58,5.78,135068.00,130575.00,135364.00,1615075844
-0.32,-0.01,-0.10,0.94,0.0000,0.0000,0.00,89.20,1002.58,0.06,0.20,-1.12,-204.39,31.95,3.64,135032.00,130288.00,135484.00,1615075844
-0.32,-0.00,-0.14,0.94,0.0000,0.0000,0.00,89.30,1002.57,0.05,0.14,-1.06,-249.85,49.03,12.14,134987.00,129947.00,135718.00,1615075844
-0.33,0.01,-0.20,0.92,0.0000,0.0000,0.00,89.30,1002.57,0.03,0.39,-0.87,-249.85,80.90,2.84,134933.00,129638.00,136138.00,1615075844
-0.33,0.02,-0.26,0.91,0.0000,0.0000,0.00,89.30,1002.57,0.13,0.64,-0.75,-218.47,53.01,0.28,134903.00,129520.00,136460.00,1615075844
-0.33,0.03,-0.32,0.89,0.0000,0.0000,0.00,89.38,1002.56,0.15,0.64,-0.75,-234.08,55.52,13.15,134868.00,129446.00,136857.00,1615075844
-0.33,0.04,-0.38,0.86,0.0000,0.0000,0.00,89.38,1002.56,0.20,0.71,-0.54,-249.85,61.53,22.10,134828.00,129464.00,137385.00,1615075844
-0.32,0.05,-0.45,0.83,0.0000,0.0000,0.00,89.44,1002.55,0.22,0.88,-0.44,-239.74,58.46,15.68,134809.00,129545.00,137849.00,1615075844
-0.31,0.05,-0.51,0.80,0.0000,0.0000,0.00,89.44,1002.55,0.27,0.84,-0.30,-236.41,56.79,20.81,134789.00,129689.00,138312.00,1615075844
-0.31,0.05,-0.57,0.76,0.0000,0.0000,0.00,89.30,1002.57,0.30,0.84,-0.21,-249.85,56.46,24.94,134777.00,129921.00,138815.00,1615075844
-0.30,0.06,-0.63,0.72,0.0000,0.0000,0.00,89.30,1002.57,0.29,0.93,0.04,-230.47,63.26,32.55,134767.00,130176.00,139277.00,1615075844
-0.28,0.06,-0.68,0.67,0.0000,0.0000,0.00,89.72,1002.52,0.26,0.84,0.17,-201.77,51.18,19.34,134788.00,130437.00,139644.00,1615075844
-0.27,0.07,-0.73,0.63,0.0000,0.0000,0.00,89.72,1002.52,0.24,0.79,0.23,-206.35,48.43,9.02,134802.00,130753.00,140063.00,1615075844
-0.26,0.07,-0.77,0.57,0.0000,0.0000,0.00,89.72,1002.52,0.34,0.76,0.34,-230.73,56.75,2.59,134864.00,131116.00,140480.00,1615075844
-0.23,0.07,-0.82,0.52,0.0000,0.0000,0.00,89.35,1002.56,0.24,0.79,0.64,-203.44,50.58,0.89,134918.00,131507.00,140828.00,1615075844
-0.21,0.08,-0.85,0.47,0.0000,0.0000,0.00,89.35,1002.56,0.23,0.63,0.56,-195.85,49.73,7.49,134964.00,131873.00,141128.00,1615075844
-0.19,0.08,-0.89,0.41,0.0000,0.0000,0.00,89.56,1002.54,0.18,0.58,0.79,-200.47,57.88,10.29,135039.00,132369.00,141448.00,1615075844
-0.19,0.08,-0.91,0.36,0.0000,0.0000,0.00,89.56,1002.54,0.36,0.51,0.75,-163.21,57.95,25.46,135116.00,132759.00,141664.00,1615075844
-0.15,0.06,-0.94,0.31,0.0000,0.0000,0.00,89.52,1002.54,0.08,0.36,0.91,-150.57,53.28,45.64,135192.00,133124.00,141822.00,1615075844
-0.13,0.05,-0.96,0.26,0.0000,0.0000,0.00,89.52,1002.54,0.11,0.29,0.85,-143.45,62.07,53.84,135263.00,133405.00,141918.00,1615075844
-0.10,0.03,-0.97,0.21,0.0000,0.0000,0.00,89.85,1002.50,0.00,0.06,0.83,-118.46,59.40,61.90,135352.00,133607.00,141991.00,1615075844
-0.07,0.02,-0.98,0.17,0.0000,0.0000,0.00,89.85,1002.50,0.10,0.18,1.06,-74.48,103.69,27.81,135485.00,133741.00,141998.00,1615075844
-0.05,0.01,-0.99,0.15,0.0000,0.0000,0.00,90.01,1002.48,0.03,0.15,1.15,-14.15,80.54,44.71,135609.00,133765.00,142003.00,1615075845
-0.03,-0.00,-0.99,0.13,0.0000,0.0000,0.00,90.01,1002.48,-0.05,0.07,1.07,3.07,67.47,43.90,135712.00,133725.00,141988.00,1615075845
-0.02,-0.01,-0.99,0.12,0.0000,0.0000,0.00,90.01,1002.48,-0.01,0.12,1.11,17.55,44.15,33.19,135776.00,133672.00,141943.00,1615075845
0.00,-0.02,-0.99,0.11,0.0000,0.0000,0.00,89.44,1002.55,-0.11,0.09,1.08,22.49,42.11,21.99,135845.00,133601.00,141918.00,1615075845
0.01,-0.01,-0.99,0.11,0.0000,0.0000,0.00,89.44,1002.55,0.01,0.12,1.08,26.80,37.43,11.03,135881.00,133565.00,141894.00,1615075845
0.02,-0.01,-0.99,0.11,0.0000,0.0000,0.00,89.89,1002.50,-0.10,0.16,1.08,18.21,35.48,3.96,135930.00,133497.00,141845.00,1615075845
0.04,-0.02,-0.99,0.11,0.0000,0.0000,0.00,89.89,1002.50,-0.11,0.19,0.98,38.57,52.30,2.49,136006.00,133415.00,141787.00,1615075845
0.06,-0.03,-0.99,0.14,0.0000,0.0000,0.00,89.53,1002.54,-0.13,0.48,0.86,19.20,61.29,-1.55,136103.00,133354.00,141711.00,1615075845
0.09,-0.04,-0.99,0.13,0.0000,0.0000,0.00,89.53,1002.54,-0.28,0.19,1.03,8.55,106.93,24.95,136240.00,133283.00,141608.00,1615075845
0.09,-0.04,-0.97,0.21,0.0000,0.0000,0.00,89.53,1002.54,-0.05,1.16,1.54,250.13,25.54,-6.09,136325.00,133009.00,141438.00,1615075845
0.11,-0.05,-0.97,0.20,0.0000,0.0000,0.00,89.30,1002.57,-0.34,0.36,1.05,20.18,72.74,13.96,136406.00,132917.00,141317.00,1615075845
0.13,-0.05,-0.97,0.20,0.0000,0.0000,0.00,89.30,1002.57,-0.31,0.35,0.89,25.26,77.51,-9.81,136481.00,132865.00,141203.00,1615075845
0.15,-0.05,-0.97,0.20,0.0000,0.0000,0.00,89.23,1002.58,-0.37,0.38,0.96,20.61,65.64,-3.47,136539.00,132799.00,141109.00,1615075845
0.16,-0.05,-0.96,0.20,0.0000,0.0000,0.00,89.23,1002.58,-0.41,0.41,1.02,29.50,26.45,10.81,136552.00,132713.00,141031.00,1615075845
0.20,-0.05,-0.96,0.20,0.0000,0.0000,0.00,89.56,1002.54,-0.45,0.28,0.60,32.88,30.75,-5.35,136580.00,132675.00,140964.00,1615075845
0.21,-0.03,-0.96,0.18,0.0000,0.0000,0.00,89.56,1002.54,-0.42,0.09,0.77,11.36,48.84,-30.51,136643.00,132687.00,140879.00,1615075845
0.22,-0.01,-0.96,0.17,0.0000,0.0000,0.00,89.58,1002.53,-0.48,0.45,1.03,-39.37,17.11,-104.02,136638.00,132778.00,140895.00,1615075845
0.26,-0.03,-0.95,0.18,0.0000,0.0000,0.00,89.58,1002.53,-0.51,0.32,0.41,-13.74,53.95,-10.48,136697.00,132791.00,140821.00,1615075845
0.28,-0.03,-0.94,0.18,0.0000,0.0000,0.00,89.58,1002.53,-0.47,0.31,0.68,-4.43,75.68,-12.74,136768.00,132800.00,140732.00,1615075845
0.31,-0.03,-0.94,0.16,0.0000,0.0000,0.00,89.14,1002.59,-0.52,0.23,0.70,-30.48,132.38,-27.51,136886.00,132821.00,140557.00,1615075845
0.35,-0.04,-0.92,0.15,0.0000,0.0000,0.00,89.14,1002.59,-0.72,0.39,0.56,-51.57,123.12,-34.86,137000.00,132865.00,140392.00,1615075845
0.38,-0.04,-0.91,0.14,0.0000,0.0000,0.00,89.47,1002.55,-0.75,0.28,0.73,-21.86,141.69,-29.86,137097.00,132898.00,140195.00,1615075845
0.41,-0.03,-0.90,0.14,0.0000,0.0000,0.00,89.47,1002.55,-0.76,0.19,0.58,30.10,127.67,-37.99,137179.00,132900.00,139972.00,1615075845
0.45,-0.02,-0.88,0.15,0.0000,0.0000,0.00,89.51,1002.54,-0.85,0.29,0.51,69.11,167.58,-58.07,137256.00,132849.00,139680.00,1615075845
0.49,-0.00,-0.86,0.14,0.0000,0.0000,0.00,89.51,1002.54,-0.96,0.19,0.48,15.23,155.93,-62.25,137293.00,132899.00,139450.00,1615075845
0.52,-0.00,-0.84,0.14,0.0000,0.0000,0.00,89.51,1002.54,-0.79,0.27,0.29,22.61,129.02,-57.39,137338.00,132966.00,139221.00,1615075845
0.56,0.00,-0.82,0.12,0.0000,0.0000,0.00,89.42,1002.55,-1.07,0.11,0.27,-86.02,138.11,-54.29,137348.00,133035.00,138980.00,1615075845
0.58,-0.00,-0.81,0.09,0.0000,0.0000,0.00,89.42,1002.55,-0.98,0.16,0.34,-94.40,117.89,-47.59,137346.00,133092.00,138771.00,1615075845
0.61,-0.01,-0.79,0.07,0.0000,0.0000,0.00,89.27,1002.57,-0.93,0.09,0.18,-82.79,118.89,-47.24,137334.00,133129.00,138525.00,1615075846
0.63,0.00,-0.78,0.05,0.0000,0.0000,0.00,89.27,1002.57,-0.95,-0.04,0.16,-76.32,99.01,-45.89,137319.00,133170.00,138323.00,1615075846
0.65,-0.00,-0.76,0.03,0.0000,0.0000,0.00,89.34,1002.56,-0.95,0.05,0.11,-73.28,83.73,-42.83,137280.00,133193.00,138130.00,1615075846
0.67,-0.01,-0.74,0.01,0.0000,0.0000,0.00,89.34,1002.56,-1.01,-0.00,-0.02,-76.73,75.18,-37.87,137243.00,133198.00,137981.00,1615075846
0.68,-0.01,-0.73,-0.01,0.0000,0.0000,0.00,89.61,1002.53,-0.98,-0.01,-0.01,-40.59,43.58,-39.26,137222.00,133239.00,137881.00,1615075846
0.68,-0.01,-0.73,-0.02,0.0000,0.0000,0.00,89.61,1002.53,-1.04,-0.02,0.03,-34.35,-3.79,-31.07,137203.00,133293.00,137895.00,1615075846
0.68,-0.00,-0.73,-0.02,0.0000,0.0000,0.00,89.61,1002.53,-1.04,-0.03,0.02,-7.09,-20.44,-23.93,137210.00,133346.00,137969.00,1615075846
0.68,0.01,-0.73,-0.03,0.0000,0.0000,0.00,89.44,1002.55,-1.05,-0.10,-0.04,18.94,-69.38,-20.26,137227.00,133430.00,138153.00,1615075846
0.66,0.01,-0.75,-0.03,0.0000,0.0000,0.00,89.44,1002.55,-1.06,-0.09,0.11,3.77,-112.55,-19.59,137230.00,133512.00,138393.00,1615075846
0.64,0.02,-0.77,-0.04,0.0000,0.0000,0.00,89.45,1002.55,-0.97,-0.15,0.09,8.94,-158.44,-29.70,137250.00,133638.00,138756.00,1615075846
0.61,0.04,-0.79,-0.04,0.0000,0.0000,0.00,89.45,1002.55,-0.94,-0.12,0.21,42.91,-186.36,-35.56,137229.00,133786.00,139132.00,1615075846
0.58,0.05,-0.82,-0.03,0.0000,0.0000,0.00,89.47,1002.55,-0.95,-0.09,0.40,85.31,-179.93,-29.37,137179.00,133899.00,139518.00,1615075846
0.53,0.07,-0.85,-0.02,0.0000,0.0000,0.00,89.47,1002.55,-0.82,-0.13,0.52,87.40,-199.33,-23.46,137097.00,133959.00,139997.00,1615075846
0.48,0.09,-0.87,0.00,0.0000,0.0000,0.00,89.64,1002.53,-0.79,-0.09,0.63,132.49,-179.42,-11.22,136988.00,133934.00,140401.00,1615075846
0.43,0.11,-0.90,0.02,0.0000,0.0000,0.00,89.64,1002.53,-0.70,-0.05,0.76,123.38,-194.94,4.15,136821.00,133887.00,140770.00,1615075846
0.38,0.13,-0.92,0.06,0.0000,0.0000,0.00,89.71,1002.52,-0.61,0.05,0.80,172.97,-175.48,8.04,136644.00,133677.00,141068.00,1615075846
0.32,0.13,-0.93,0.09,0.0000,0.0000,0.00,89.71,1002.52,-0.48,0.17,0.82,130.65,-185.95,33.35,136425.00,133471.00,141293.00,1615075846
0.26,0.14,-0.95,0.11,0.0000,0.0000,0.00,89.71,1002.52,-0.45,0.14,1.07,111.55,-182.33,37.13,136232.00,133320.00,141437.00,1615075846
0.21,0.14,-0.96,0.13,0.0000,0.0000,0.00,89.73,1002.52,-0.29,0.30,0.87,95.85,-147.96,17.04,136043.00,133201.00,141521.00,1615075846
0.16,0.14,-0.97,0.14,0.0000,0.0000,0.00,89.73,1002.52,-0.27,0.38,1.07,31.17,-191.28,44.23,135782.00,133151.00,141639.00,1615075846
0.10,0.14,-0.98,0.13,0.0000,0.0000,0.00,89.11,1002.59,-0.04,0.28,0.96,-43.92,-204.62,36.01,135504.00,133235.00,141741.00,1615075846
0.04,0.14,-0.98,0.13,0.0000,0.0000,0.00,89.11,1002.59,0.08,0.39,0.97,-62.67,-194.13,24.14,135226.00,133372.00,141820.00,1615075846
-0.03,0.13,-0.99,0.11,0.0000,0.0000,0.00,89.76,1002.51,0.17,0.23,0.94,-56.27,-222.31,51.45,134851.00,133500.00,141827.00,1615075846
-0.09,0.12,-0.98,0.09,0.0000,0.0000,0.00,89.76,1002.51,0.33,0.24,0.92,-41.54,-207.13,36.14,134569.00,133569.00,141756.00,1615075846
-0.17,0.11,-0.97,0.10,0.0000,0.0000,0.00,89.36,1002.56,0.62,0.31,0.77,10.51,-218.34,60.93,134244.00,133577.00,141588.00,1615075846
-0.23,0.09,-0.96,0.09,0.0000,0.0000,0.00,89.36,1002.56,0.55,0.20,0.73,30.47,-222.29,63.60,133997.00,133556.00,141413.00,1615075846
-0.30,0.09,-0.95,0.10,0.0000,0.0000,0.00,89.23,1002.58,0.62,0.24,0.58,26.81,-197.30,50.57,133778.00,133526.00,141224.00,1615075846
-0.36,0.07,-0.93,0.09,0.0000,0.0000,0.00,89.23,1002.58,0.68,0.20,0.53,33.50,-197.12,74.79,133585.00,133520.00,141001.00,1615075847
-0.41,0.03,-0.91,0.08,0.0000,0.0000,0.00,89.33,1002.56,0.75,-0.01,0.41,9.35,-180.82,32.99,133424.00,133494.00,140754.00,1615075847
-0.47,0.02,-0.88,0.08,0.0000,0.0000,0.00,89.33,1002.56,0.83,0.10,0.24,22.45,-187.13,27.56,133302.00,133475.00,140513.00,1615075847
-0.52,0.04,-0.85,0.08,0.0000,0.0000,0.00,89.33,1002.56,0.94,0.30,0.26,4.86,-179.57,56.72,133189.00,133513.00,140247.00,1615075847
-0.56,0.02,-0.83,0.07,0.0000,0.0000,0.00,89.66,1002.53,0.96,0.04,0.26,2.83,-142.81,62.67,133122.00,133575.00,140034.00,1615075847
-0.60,-0.02,-0.80,0.06,0.0000,0.0000,0.00,89.66,1002.53,1.07,-0.08,0.07,9.13,-134.70,44.04,133064.00,133579.00,139813.00,1615075847
-0.63,-0.01,-0.77,0.05,0.0000,0.0000,0.00,89.83,1002.51,0.96,0.09,0.11,-26.41,-135.56,30.84,133017.00,133617.00,139578.00,1615075847
-0.67,-0.00,-0.74,0.04,0.0000,0.0000,0.00,89.83,1002.51,0.96,0.08,-0.12,-13.17,-108.18,50.24,133006.00,133683.00,139402.00,1615075847
-0.69,-0.02,-0.73,0.03,0.0000,0.0000,0.00,89.55,1002.54,1.01,-0.07,-0.08,-10.35,-67.70,52.37,133019.00,133766.00,139291.00,1615075847
-0.70,-0.04,-0.71,0.02,0.0000,0.0000,0.00,89.55,1002.54,1.03,-0.10,-0.14,-11.82,-51.08,38.56,133020.00,133808.00,139228.00,1615075847
-0.72,-0.04,-0.70,0.02,0.0000,0.0000,0.00,89.41,1002.56,1.08,-0.03,-0.16,7.69,-16.27,20.31,133023.00,133831.00,139242.00,1615075847
-0.72,-0.04,-0.70,0.02,0.0000,0.0000,0.00,89.41,1002.56,1.10,-0.02,-0.15,13.99,44.26,10.49,133044.00,133876.00,139330.00,1615075847
-0.71,-0.04,-0.70,0.02,0.0000,0.0000,0.00,89.41,1002.56,1.06,-0.09,-0.15,27.23,98.77,3.52,133059.00,133901.00,139506.00,1615075847
-0.70,-0.05,-0.71,0.02,0.0000,0.0000,0.00,89.66,1002.53,1.06,-0.08,-0.08,30.57,123.31,-7.02,133098.00,133918.00,139781.00,1615075847
-0.68,-0.07,-0.73,0.03,0.0000,0.0000,0.00,89.66,1002.53,1.08,-0.14,0.04,40.61,152.85,-20.17,133159.00,133905.00,140082.00,1615075847
-0.65,-0.07,-0.76,0.04,0.0000,0.0000,0.00,89.36,1002.56,0.98,-0.08,0.10,63.37,190.77,-46.51,133248.00,133821.00,140404.00,1615075847
-0.60,-0.09,-0.79,0.05,0.0000,0.0000,0.00,89.36,1002.56,1.01,-0.06,0.38,60.33,211.85,-53.32,133381.00,133751.00,140690.00,1615075847
-0.57,-0.10,-0.82,0.07,0.0000,0.0000,0.00,89.62,1002.53,0.93,-0.08,0.35,74.49,202.77,-62.04,133548.00,133642.00,140979.00,1615075847
-0.52,-0.10,-0.85,0.08,0.0000,0.0000,0.00,89.62,1002.53,0.86,0.01,0.50,31.94,216.65,-73.37,133775.00,133558.00,141219.00,1615075847
-0.47,-0.10,-0.87,0.08,0.0000,0.0000,0.00,89.52,1002.54,0.78,0.03,0.61,26.15,206.63,-65.62,133979.00,133480.00,141423.00,1615075847
-0.42,-0.09,-0.90,0.09,0.0000,0.0000,0.00,89.52,1002.54,0.64,0.11,0.69,11.66,191.56,-75.50,134225.00,133425.00,141572.00,1615075847
-0.37,-0.08,-0.92,0.10,0.0000,0.0000,0.00,89.52,1002.54,0.61,0.18,0.75,-2.20,186.22,-69.99,134452.00,133400.00,141665.00,1615075847
-0.32,-0.07,-0.94,0.10,0.0000,0.0000,0.00,89.69,1002.52,0.50,0.15,0.95,12.61,165.38,-62.54,134649.00,133353.00,141702.00,1615075847
-0.27,-0.06,-0.95,0.11,0.0000,0.0000,0.00,89.69,1002.52,0.32,0.20,0.76,15.53,140.59,-64.65,134849.00,133339.00,141751.00,1615075847
-0.24,-0.06,-0.96,0.12,0.0000,0.0000,0.00,89.92,1002.49,0.44,0.23,0.84,9.19,146.54,-46.53,135060.00,133317.00,141770.00,1615075847
-0.19,-0.05,-0.97,0.12,0.0000,0.0000,0.00,89.92,1002.49,0.27,0.19,0.97,6.71,139.01,-44.02,135215.00,133292.00,141745.00,1615075847
-0.15,-0.04,-0.98,0.13,0.0000,0.0000,0.00,89.59,1002.53,0.12,0.33,0.97,11.10,126.27,-47.98,135405.00,133277.00,141705.00,1615075847
-0.10,-0.04,-0.98,0.14,0.0000,0.0000,0.00,89.59,1002.53,0.02,0.36,0.94,19.15,130.82,-25.82,135583.00,133233.00,141656.00,1615075847
-0.06,-0.04,-0.99,0.14,0.0000,0.0000,0.00,89.59,1002.53,0.03,0.23,0.97,28.28,126.52,-21.20,135733.00,133172.00,141609.00,1615075847
-0.02,-0.03,-0.99,0.15,0.0000,0.0000,0.00,89.79,1002.51,-0.03,0.25,0.88,34.52,115.88,-48.23,135894.00,133107.00,141487.00,1615075848
0.02,-0.03,-0.99,0.16,0.0000,0.0000,0.00,89.79,1002.51,-0.20,0.42,0.93,36.60,123.47,-37.04,136049.00,133038.00,141381.00,1615075848
0.05,-0.01,-0.99,0.16,0.0000,0.0000,0.00,89.69,1002.52,-0.23,0.20,0.95,65.50,105.38,-35.36,136184.00,132933.00,141247.00,1615075848
0.09,0.01,-0.98,0.17,0.0000,0.0000,0.00,89.69,1002.52,-0.31,0.28,0.88,62.47,105.65,-54.65,136304.00,132876.00,141127.00,1615075848
0.13,0.00,-0.97,0.20,0.0000,0.0000,0.00,89.52,1002.54,-0.40,0.50,0.79,65.14,112.69,-50.77,136432.00,132798.00,140977.00,1615075848
0.18,0.02,-0.96,0.21,0.0000,0.0000,0.00,89.52,1002.54,-0.47,0.35,0.75,65.02,114.91,-46.07,136570.00,132694.00,140788.00,1615075848
0.22,0.02,-0.95,0.23,0.0000,0.0000,0.00,89.22,1002.58,-0.54,0.51,0.70,65.78,123.41,-56.54,136701.00,132629.00,140593.00,1615075848
0.25,0.02,-0.93,0.25,0.0000,0.0000,0.00,89.22,1002.58,-0.58,0.54,0.68,74.77,122.88,-41.66,136805.00,132563.00,140399.00,1615075848
0.29,0.03,-0.92,0.27,0.0000,0.0000,0.00,89.22,1002.58,-0.67,0.50,0.59,63.39,124.63,-42.39,136914.00,132487.00,140198.00,1615075848
0.33,0.03,-0.90,0.29,0.0000,0.0000,0.00,89.74,1002.52,-0.69,0.50,0.50,79.35,108.54,-42.41,137006.00,132428.00,139972.00,1615075848
0.36,0.03,-0.88,0.31,0.0000,0.0000,0.00,89.74,1002.52,-0.77,0.60,0.50,80.14,102.58,-24.28,137069.00,132347.00,139796.00,1615075848
0.38,0.05,-0.87,0.32,0.0000,0.0000,0.00,89.87,1002.50,-0.73,0.47,0.45,74.40,90.47,-31.41,137121.00,132311.00,139612.00,1615075848
0.41,0.06,-0.85,0.33,0.0000,0.0000,0.00,89.87,1002.50,-0.85,0.53,0.36,90.30,67.44,-44.77,137163.00,132298.00,139473.00,1615075848
0.43,0.08,-0.83,0.35,0.0000,0.0000,0.00,89.43,1002.55,-0.82,0.43,0.31,76.47,42.68,-35.29,137187.00,132279.00,139394.00,1615075848
0.44,0.09,-0.82,0.36,0.0000,0.0000,0.00,89.43,1002.55,-0.83,0.50,0.26,56.07,37.81,-46.88,137209.00,132309.00,139312.00,1615075848
0.46,0.10,-0.80,0.36,0.0000,0.0000,0.00,89.43,1002.55,-0.93,0.51,0.23,57.50,25.82,-42.98,137221.00,132361.00,139293.00,1615075848
0.47,0.13,-0.79,0.38,0.0000,0.0000,0.00,89.92,1002.49,-0.83,0.36,0.18,89.43,4.65,-35.68,137222.00,132377.00,139256.00,1615075848
0.48,0.14,-0.77,0.39,0.0000,0.0000,0.00,89.92,1002.49,-0.79,0.41,0.16,87.85,3.34,-43.12,137233.00,132402.00,139250.00,1615075848
0.48,0.16,-0.76,0.41,0.0000,0.0000,0.00,89.67,1002.52,-1.00,0.52,0.22,124.02,-12.82,-30.92,137232.00,132396.00,139272.00,1615075848
0.47,0.20,-0.74,0.43,0.0000,0.0000,0.00,89.67,1002.52,-0.87,0.33,0.13,171.87,-40.45,-36.67,137217.00,132394.00,139291.00,1615075848
0.47,0.23,-0.72,0.45,0.0000,0.0000,0.00,89.89,1002.50,-1.03,0.43,0.05,151.41,-38.95,-45.29,137218.00,132406.00,139328.00,1615075848
0.46,0.26,-0.71,0.46,0.0000,0.0000,0.00,89.89,1002.50,-0.94,0.41,0.14,146.42,-41.89,-29.63,137202.00,132376.00,139379.00,1615075848
0.45,0.28,-0.69,0.49,0.0000,0.0000,0.00,89.89,1002.50,-0.88,0.37,0.06,211.39,-61.05,1.81,137169.00,132256.00,139383.00,1615075848
0.44,0.30,-0.67,0.52,0.0000,0.0000,0.00,89.16,1002.59,-1.05,0.49,-0.04,175.49,-36.67,-3.28,137155.00,132159.00,139368.00,1615075848
0.43,0.32,-0.65,0.54,0.0000,0.0000,0.00,89.16,1002.59,-0.90,0.35,0.02,175.55,-42.82,8.10,137133.00,132024.00,139308.00,1615075848
0.41,0.35,-0.63,0.56,0.0000,0.0000,0.00,89.29,1002.57,-0.85,0.34,-0.00,181.68,-38.12,-0.22,137112.00,131928.00,139265.00,1615075848
0.39,0.37,-0.60,0.59,0.0000,0.0000,0.00,89.29,1002.57,-0.95,0.47,-0.02,196.67,-36.03,-15.15,137119.00,131833.00,139179.00,1615075848
0.38,0.39,-0.57,0.61,0.0000,0.0000,0.00,89.76,1002.51,-0.88,0.35,-0.09,207.57,-30.78,-5.71,137103.00,131744.00,139093.00,1615075848
0.37,0.40,-0.55,0.63,0.0000,0.0000,0.00,89.76,1002.51,-0.90,0.42,-0.13,172.27,-27.68,-26.07,137113.00,131694.00,139015.00,1615075848
0.36,0.42,-0.52,0.65,0.0000,0.0000,0.00,89.20,1002.58,-0.93,0.36,-0.19,163.65,-25.76,-29.18,137119.00,131639.00,138949.00,1615075849
0.35,0.44,-0.50,0.67,0.0000,0.0000,0.00,89.20,1002.58,-0.91,0.34,-0.16,167.76,-27.40,-26.13,137127.00,131626.00,138884.00,1615075849
0.34,0.46,-0.48,0.67,0.0000,0.0000,0.00,89.20,1002.58,-0.81,0.25,-0.05,116.78,-27.57,-42.89,137140.00,131631.00,138864.00,1615075849
0.33,0.48,-0.45,0.68,0.0000,0.0000,0.00,89.47,1002.55,-0.94,0.27,-0.20,155.99,-37.86,-45.50,137151.00,131654.00,138829.00,1615075849
0.32,0.50,-0.43,0.68,0.0000,0.0000,0.00,89.47,1002.55,-0.95,0.26,-0.11,124.92,-29.92,-37.92,137175.00,131678.00,138819.00,1615075849
0.32,0.51,-0.41,0.68,0.0000,0.0000,0.00,89.73,1002.52,-0.98,0.26,-0.18,73.93,-40.76,-52.69,137185.00,131767.00,138857.00,1615075849
0.34,0.51,-0.42,0.68,0.0000,0.0000,0.00,89.73,1002.52,-0.98,0.19,-0.23,-84.20,-13.58,-47.17,137199.00,131899.00,138949.00,1615075849
0.38,0.49,-0.44,0.65,0.0000,0.0000,0.00,89.46,1002.55,-0.95,0.12,-0.23,-249.85,11.00,-28.38,137200.00,132146.00,139148.00,1615075849
0.41,0.46,-0.47,0.63,0.0000,0.0000,0.00,89.46,1002.55,-1.02,0.17,-0.12,-249.85,52.74,-8.17,137208.00,132498.00,139299.00,1615075849
0.43,0.45,-0.50,0.60,0.0000,0.0000,0.00,89.55,1002.54,-0.99,0.17,0.00,-249.85,36.26,1.17,137216.00,132750.00,139335.00,1615075849
0.46,0.42,-0.53,0.58,0.0000,0.0000,0.00,89.55,1002.54,-0.98,0.18,-0.05,-249.85,27.96,-3.80,137216.00,132949.00,139310.00,1615075849
0.48,0.41,-0.56,0.54,0.0000,0.0000,0.00,89.43,1002.55,-1.02,0.15,0.03,-249.85,13.50,9.21,137231.00,133045.00,139261.00,1615075849
0.50,0.39,-0.58,0.51,0.0000,0.0000,0.00,89.43,1002.55,-1.02,0.20,0.02,-229.62,11.84,-6.18,137231.00,133147.00,139205.00,1615075849
0.52,0.37,-0.61,0.48,0.0000,0.0000,0.00,89.36,1002.56,-1.05,0.19,0.04,-211.99,8.70,-3.66,137234.00,133199.00,139164.00,1615075849
0.52,0.35,-0.62,0.47,0.0000,0.0000,0.00,89.36,1002.56,-1.02,0.23,0.05,-107.76,3.36,-10.52,137226.00,133242.00,139139.00,1615075849
0.53,0.35,-0.63,0.44,0.0000,0.0000,0.00,89.62,1002.53,-1.01,0.14,0.08,-140.60,-9.50,-8.08,137213.00,133303.00,139111.00,1615075849
0.54,0.33,-0.65,0.42,0.0000,0.0000,0.00,89.62,1002.53,-0.98,0.20,0.10,-137.50,-16.54,-7.56,137211.00,133345.00,139099.00,1615075849
0.55,0.32,-0.67,0.39,0.0000,0.0000,0.00,89.65,1002.53,-0.97,0.16,0.09,-160.26,-18.66,0.82,137201.00,133377.00,139092.00,1615075849
0.56,0.30,-0.69,0.36,0.0000,0.0000,0.00,89.65,1002.53,-0.99,0.12,0.13,-199.11,-39.34,8.02,137202.00,133406.00,139076.00,1615075849
0.57,0.28,-0.71,0.32,0.0000,0.0000,0.00,89.63,1002.53,-0.97,0.09,0.19,-247.11,-43.93,-8.79,137185.00,133463.00,139043.00,1615075849
0.57,0.26,-0.73,0.27,0.0000,0.0000,0.00,89.63,1002.53,-0.96,0.03,0.28,-249.85,-56.29,-18.01,137172.00,133545.00,139021.00,1615075849
0.57,0.24,-0.75,0.22,0.0000,0.0000,0.00,89.63,1002.53,-0.95,-0.00,0.27,-249.85,-61.32,-24.41,137148.00,133607.00,139016.00,1615075849
0.57,0.23,-0.77,0.16,0.0000,0.0000,0.00,89.53,1002.54,-0.95,-0.09,0.34,-249.85,-72.30,-41.64,137116.00,133715.00,139026.00,1615075849
0.56,0.22,-0.79,0.11,0.0000,0.0000,0.00,89.53,1002.54,-0.92,-0.12,0.38,-204.71,-108.14,-46.76,137076.00,133837.00,139133.00,1615075849
0.55,0.21,-0.80,0.07,0.0000,0.0000,0.00,89.53,1002.54,-0.90,-0.17,0.36,-160.11,-117.29,-43.29,137041.00,133940.00,139287.00,1615075849
0.53,0.22,-0.82,0.03,0.0000,0.0000,0.00,89.53,1002.54,-0.85,-0.26,0.44,-74.08,-155.97,-57.11,136972.00,134108.00,139536.00,1615075849
0.50,0.23,-0.83,-0.00,0.0000,0.0000,0.00,89.13,1002.59,-0.78,-0.37,0.53,-41.63,-156.56,-50.28,136900.00,134226.00,139776.00,1615075849
0.47,0.25,-0.85,-0.02,0.0000,0.0000,0.00,89.13,1002.59,-0.76,-0.36,0.59,10.87,-159.43,-48.93,136800.00,134387.00,140058.00,1615075850
0.43,0.27,-0.86,-0.04,0.0000,0.0000,0.00,89.66,1002.52,-0.61,-0.39,0.68,16.27,-170.96,-53.30,136682.00,134500.00,140340.00,1615075850
0.38,0.29,-0.88,-0.06,0.0000,0.0000,0.00,89.66,1002.52,-0.55,-0.39,0.79,1.98,-163.48,-43.38,136551.00,134584.00,140623.00,1615075850
0.35,0.30,-0.89,-0.07,0.0000,0.0000,0.00,89.66,1002.52,-0.56,-0.35,0.72,26.46,-149.69,-32.18,136410.00,134622.00,140849.00,1615075850
0.31,0.32,-0.89,-0.08,0.0000,0.0000,0.00,89.21,1002.58,-0.40,-0.42,0.86,72.80,-165.87,-42.61,136270.00,134668.00,141059.00,1615075850
0.26,0.33,-0.90,-0.08,0.0000,0.0000,0.00,89.21,1002.58,-0.31,-0.37,0.93,57.60,-155.24,-32.80,136123.00,134634.00,141297.00,1615075850
0.22,0.34,-0.91,-0.08,0.0000,0.0000,0.00,89.75,1002.51,-0.32,-0.29,0.85,104.71,-134.96,-23.44,135979.00,134495.00,141472.00,1615075850
0.17,0.36,-0.92,-0.06,0.0000,0.0000,0.00,89.75,1002.51,-0.11,-0.28,0.92,164.78,-140.43,-21.91,135822.00,134320.00,141621.00,1615075850
0.13,0.37,-0.92,-0.05,0.0000,0.0000,0.00,89.50,1002.54,-0.11,-0.14,0.87,90.13,-102.30,-23.20,135699.00,134215.00,141688.00,1615075850
0.09,0.39,-0.92,-0.04,0.0000,0.0000,0.00,89.50,1002.54,-0.00,-0.07,0.95,81.87,-94.85,-18.86,135586.00,134091.00,141746.00,1615075850
0.06,0.40,-0.91,-0.04,0.0000,0.0000,0.00,89.50,1002.54,0.03,-0.07,0.99,53.25,-91.51,-25.14,135467.00,134044.00,141783.00,1615075850
0.03,0.41,-0.91,-0.04,0.0000,0.0000,0.00,89.46,1002.55,0.08,0.03,0.91,-10.33,-54.13,-25.05,135389.00,134074.00,141776.00,1615075850
0.01,0.42,-0.91,-0.04,0.0000,0.0000,0.00,89.46,1002.55,0.16,0.01,1.04,-1.72,-29.72,-16.04,135340.00,134111.00,141790.00,1615075850
-0.01,0.43,-0.90,-0.03,0.0000,0.0000,0.00,89.58,1002.53,0.15,0.02,0.98,-3.65,-14.05,0.55,135322.00,134110.00,141791.00,1615075850
-0.01,0.42,-0.90,-0.03,0.0000,0.0000,0.00,89.58,1002.53,0.15,-0.04,1.03,9.02,9.45,8.54,135341.00,134081.00,141802.00,1615075850
-0.02,0.42,-0.91,-0.04,0.0000,0.0000,0.00,89.53,1002.54,0.15,-0.03,1.01,6.57,-5.32,7.96,135338.00,134067.00,141797.00,1615075850
-0.03,0.42,-0.91,-0.04,0.0000,0.0000,0.00,89.53,1002.54,0.16,-0.08,1.00,14.39,-12.65,2.64,135318.00,134056.00,141808.00,1615075850
-0.04,0.42,-0.91,-0.04,0.0000,0.0000,0.00,89.46,1002.55,0.17,-0.05,1.01,13.43,-40.58,-9.36,135250.00,134030.00,141800.00,1615075850
-0.06,0.42,-0.90,-0.05,0.0000,0.0000,0.00,89.46,1002.55,0.19,0.02,1.01,-12.05,-55.84,-13.50,135166.00,134066.00,141813.00,1615075850
-0.08,0.42,-0.90,-0.07,0.0000,0.0000,0.00,89.71,1002.52,0.26,-0.11,1.04,-19.24,-99.70,0.04,135029.00,134107.00,141809.00,1615075850
-0.11,0.41,-0.90,-0.09,0.0000,0.0000,0.00,89.71,1002.52,0.30,-0.06,0.96,-30.33,-120.92,-5.09,134851.00,134133.00,141794.00,1615075850
-0.16,0.41,-0.89,-0.10,0.0000,0.0000,0.00,89.99,1002.49,0.51,-0.02,0.73,8.05,-139.72,7.86,134664.00,134161.00,141741.00,1615075850
-0.18,0.40,-0.89,-0.12,0.0000,0.0000,0.00,89.99,1002.49,0.45,-0.09,1.05,-17.72,-162.93,16.46,134441.00,134176.00,141677.00,1615075850
-0.22,0.38,-0.89,-0.14,0.0000,0.0000,0.00,89.91,1002.50,0.46,-0.14,0.73,0.46,-178.22,7.21,134213.00,134153.00,141518.00,1615075850
-0.27,0.38,-0.87,-0.16,0.0000,0.0000,0.00,89.91,1002.50,0.63,-0.01,0.64,5.95,-172.75,23.82,134008.00,134112.00,141360.00,1615075850
-0.33,0.36,-0.85,-0.19,0.0000,0.0000,0.00,89.75,1002.51,0.89,-0.03,0.35,-20.54,-161.29,33.09,133832.00,134166.00,141178.00,1615075850
-0.36,0.34,-0.84,-0.21,0.0000,0.0000,0.00,89.75,1002.51,0.78,-0.15,0.53,-40.45,-160.06,15.23,133669.00,134191.00,140937.00,1615075851
-0.41,0.33,-0.82,-0.24,0.0000,0.0000,0.00,89.73,1002.52,0.84,-0.11,0.32,-27.95,-146.85,5.76,133528.00,134201.00,140712.00,1615075851
-0.43,0.32,-0.80,-0.26,0.0000,0.0000,0.00,89.73,1002.52,0.89,-0.11,0.37,-53.07,-130.26,15.89,133435.00,134230.00,140500.00,1615075851
-0.47,0.30,-0.78,-0.29,0.0000,0.0000,0.00,89.80,1002.51,0.92,-0.20,0.19,-37.97,-134.88,9.68,133333.00,134233.00,140208.00,1615075851
-0.49,0.30,-0.76,-0.29,0.0000,0.0000,0.00,89.79,1002.51,1.02,-0.14,0.33,7.65,-120.82,5.45,133274.00,134217.00,139951.00,1615075851
-0.53,0.27,-0.75,-0.31,0.0000,0.0000,0.00,89.79,1002.51,0.88,-0.23,0.01,10.86,-93.86,10.16,133241.00,134198.00,139773.00,1615075851
-0.55,0.26,-0.73,-0.32,0.0000,0.0000,0.00,89.68,1002.52,1.04,-0.18,0.05,-4.50,-65.65,12.44,133226.00,134205.00,139653.00,1615075851
-0.56,0.24,-0.72,-0.32,0.0000,0.0000,0.00,89.68,1002.52,1.06,-0.26,0.01,16.91,-33.36,-2.60,133219.00,134182.00,139604.00,1615075851
-0.57,0.25,-0.71,-0.33,0.0000,0.0000,0.00,90.22,1002.46,1.05,-0.18,-0.05,16.51,10.78,-11.17,133214.00,134160.00,139626.00,1615075851
-0.58,0.25,-0.71,-0.32,0.0000,0.0000,0.00,90.22,1002.46,1.04,-0.17,-0.04,22.47,55.36,-13.89,133224.00,134154.00,139766.00,1615075851
-0.57,0.25,-0.71,-0.31,0.0000,0.0000,0.00,89.54,1002.54,1.04,-0.16,0.04,36.82,98.64,-22.91,133240.00,134134.00,139969.00,1615075851
-0.56,0.26,-0.73,-0.30,0.0000,0.0000,0.00,89.54,1002.54,0.98,-0.15,0.17,46.30,139.46,-31.21,133300.00,134087.00,140201.00,1615075851
-0.53,0.27,-0.75,-0.27,0.0000,0.0000,0.00,89.87,1002.50,0.95,-0.10,0.31,78.19,166.91,-35.01,133403.00,134021.00,140525.00,1615075851
-0.51,0.28,-0.78,-0.24,0.0000,0.0000,0.00,89.87,1002.50,0.87,-0.09,0.34,60.92,179.25,-30.15,133571.00,133940.00,140844.00,1615075851
-0.48,0.29,-0.80,-0.21,0.0000,0.0000,0.00,89.59,1002.53,0.84,-0.07,0.53,67.60,181.83,-35.04,133729.00,133883.00,141082.00,1615075851
-0.45,0.31,-0.82,-0.19,0.0000,0.0000,0.00,89.59,1002.53,0.78,0.03,0.56,40.30,180.97,-42.20,133919.00,133798.00,141285.00,1615075851
-0.42,0.32,-0.83,-0.16,0.0000,0.0000,0.00,89.59,1002.53,0.74,0.02,0.56,31.86,189.12,-45.15,134111.00,133745.00,141453.00,1615075851
-0.37,0.34,-0.85,-0.13,0.0000,0.0000,0.00,89.98,1002.49,0.62,0.05,0.78,36.24,196.80,-45.41,134337.00,133676.00,141575.00,1615075851
-0.33,0.35,-0.87,-0.10,0.0000,0.0000,0.00,89.98,1002.49,0.49,0.03,0.80,27.09,189.52,-57.19,134595.00,133597.00,141683.00,1615075851
-0.28,0.37,-0.88,-0.07,0.0000,0.0000,0.00,89.97,1002.49,0.39,0.16,0.91,22.72,178.95,-52.58,134828.00,133550.00,141730.00,1615075851
-0.23,0.39,-0.89,-0.04,0.0000,0.0000,0.00,89.97,1002.49,0.24,0.16,0.98,1.50,160.11,-42.73,135087.00,133545.00,141756.00,1615075851
-0.19,0.40,-0.90,-0.02,0.0000,0.0000,0.00,90.08,1002.48,0.20,0.15,0.94,-7.05,151.10,-49.90,135300.00,133558.00,141737.00,1615075851
-0.15,0.41,-0.90,0.01,0.0000,0.0000,0.00,90.08,1002.48,0.02,0.20,0.97,-3.68,139.41,-40.08,135507.00,133573.00,141705.00,1615075851
-0.11,0.42,-0.90,0.03,0.0000,0.0000,0.00,89.68,1002.52,0.02,0.24,0.98,-17.79,118.09,-21.63,135662.00,133597.00,141676.00,1615075851
-0.08,0.42,-0.90,0.05,0.0000,0.0000,0.00,89.68,1002.52,-0.07,0.19,1.04,-13.27,102.97,10.64,135803.00,133607.00,141625.00,1615075851
-0.05,0.42,-0.90,0.06,0.0000,0.0000,0.00,89.92,1002.49,-0.13,0.11,1.01,1.66,47.98,17.25,135869.00,133596.00,141599.00,1615075852
-0.03,0.43,-0.90,0.06,0.0000,0.0000,0.00,89.92,1002.49,-0.10,0.05,0.90,1.66,48.64,6.27,135952.00,133587.00,141564.00,1615075852
-0.00,0.43,-0.90,0.07,0.0000,0.0000,0.00,89.90,1002.50,-0.24,0.15,1.07,2.60,46.98,-3.34,135993.00,133592.00,141558.00,1615075852
0.01,0.43,-0.90,0.08,0.0000,0.0000,0.00,89.90,1002.50,-0.24,0.18,0.90,0.91,12.33,4.16,136004.00,133580.00,141532.00,1615075852
0.02,0.43,-0.90,0.08,0.0000,0.0000,0.00,89.76,1002.51,-0.21,0.09,0.98,-15.91,9.80,17.35,136018.00,133602.00,141544.00,1615075852
0.02,0.43,-0.90,0.08,0.0000,0.0000,0.00,89.76,1002.51,-0.17,0.15,1.07,-11.61,-17.55,6.61,135991.00,133615.00,141550.00,1615075852
0.02,0.43,-0.90,0.08,0.0000,0.0000,0.00,89.86,1002.50,-0.11,0.10,0.92,-12.03,-18.35,6.47,135990.00,133635.00,141559.00,1615075852
0.03,0.43,-0.90,0.07,0.0000,0.0000,0.00,89.86,1002.50,-0.16,0.06,1.05,-12.47,3.09,1.78,135980.00,133654.00,141575.00,1615075852
0.04,0.43,-0.90,0.08,0.0000,0.0000,0.00,89.82,1002.51,-0.23,0.16,1.03,-3.41,6.58,2.52,135983.00,133661.00,141567.00,1615075852
0.05,0.43,-0.90,0.09,0.0000,0.0000,0.00,89.82,1002.51,-0.26,0.10,0.92,14.76,-1.88,1.13,135978.00,133633.00,141569.00,1615075852
0.05,0.42,-0.90,0.09,0.0000,0.0000,0.00,89.64,1002.53,-0.23,0.17,1.04,22.20,-5.34,13.93,135981.00,133576.00,141563.00,1615075852
0.05,0.42,-0.90,0.10,0.0000,0.0000,0.00,89.64,1002.53,-0.23,0.17,0.98,22.85,-0.79,14.76,135985.00,133525.00,141547.00,1615075852
0.04,0.42,-0.90,0.11,0.0000,0.0000,0.00,89.40,1002.56,-0.17,0.17,1.05,21.58,4.81,2.15,135985.00,133481.00,141552.00,1615075852
0.04,0.42,-0.90,0.11,0.0000,0.0000,0.00,89.40,1002.56,-0.16,0.18,1.07,2.50,-13.80,-0.28,135956.00,133492.00,141575.00,1615075852
0.04,0.42,-0.90,0.11,0.0000,0.0000,0.00,89.95,1002.49,-0.17,0.19,0.92,-18.45,-23.53,-7.78,135925.00,133545.00,141620.00,1615075852
0.04,0.42,-0.90,0.09,0.0000,0.0000,0.00,89.95,1002.49,-0.14,0.12,1.03,-72.84,-12.41,-21.30,135897.00,133718.00,141720.00,1615075852
0.04,0.42,-0.90,0.08,0.0000,0.0000,0.00,89.83,1002.51,-0.13,0.14,0.94,-63.35,-17.43,-6.97,135871.00,133823.00,141760.00,1615075852
0.05,0.42,-0.91,0.06,0.0000,0.0000,0.00,89.83,1002.51,-0.13,0.08,0.95,-61.96,-4.55,2.29,135851.00,133941.00,141799.00,1615075852
0.05,0.42,-0.91,0.05,0.0000,0.0000,0.00,89.29,1002.57,-0.11,0.03,0.99,-53.02,-9.90,7.51,135845.00,134015.00,141806.00,1615075852
0.05,0.41,-0.91,0.04,0.0000,0.0000,0.00,89.29,1002.57,-0.17,0.01,1.05,-40.68,-7.68,20.90,135851.00,134052.00,141822.00,1615075852
0.06,0.41,-0.91,0.04,0.0000,0.0000,0.00,89.61,1002.53,-0.15,-0.08,1.12,20.01,28.88,57.65,135919.00,133956.00,141750.00,1615075852
0.06,0.39,-0.92,0.04,0.0000,0.0000,0.00,89.61,1002.53,-0.12,0.07,1.03,-0.30,10.02,48.54,135946.00,133911.00,141712.00,1615075852
0.06,0.39,-0.92,0.05,0.0000,0.0000,0.00,89.59,1002.53,-0.15,0.05,0.90,22.32,1.07,15.10,135959.00,133876.00,141723.00,1615075852
0.06,0.39,-0.92,0.04,0.0000,0.0000,0.00,89.59,1002.53,-0.11,-0.03,1.03,-15.07,-3.46,7.96,135952.00,133906.00,141716.00,1615075852
0.05,0.39,-0.92,0.04,0.0000,0.0000,0.00,89.39,1002.56,-0.12,0.04,0.97,7.40,0.97,21.75,135961.00,133891.00,141717.00,1615075852
0.05,0.39,-0.92,0.04,0.0000,0.0000,0.00,89.39,1002.56,-0.09,-0.00,1.00,17.19,2.08,11.56,135973.00,133851.00,141714.00,1615075853
0.05,0.39,-0.92,0.04,0.0000,0.0000,0.00,89.82,1002.51,-0.16,-0.01,1.03,-0.91,-3.97,4.36,135968.00,133847.00,141707.00,1615075853
0.06,0.38,-0.92,0.04,0.0000,0.0000,0.00,89.82,1002.51,-0.14,0.02,1.00,4.37,6.60,7.71,135973.00,133825.00,141697.00,1615075853
0.06,0.38,-0.92,0.04,0.0000,0.0000,0.00,89.79,1002.51,-0.18,0.02,1.00,8.36,-5.72,6.08,135976.00,133811.00,141695.00,1615075853
0.06,0.38,-0.92,0.04,0.0000,0.0000,0.00,89.79,1002.51,-0.15,0.04,0.99,3.12,-3.83,7.43,135972.00,133801.00,141702.00,1615075853
0.06,0.38,-0.92,0.04,0.0000,0.0000,0.00,89.13,1002.59,-0.13,0.06,1.01,-0.94,-4.74,12.03,135965.00,133800.00,141699.00,1615075853
0.05,0.37,-0.92,0.05,0.0000,0.0000,0.00,89.13,1002.59,-0.11,0.09,0.99,4.06,-3.93,10.13,135964.00,133771.00,141690.00,1615075853
0.05,0.37,-0.93,0.05,0.0000,0.0000,0.00,89.37,1002.56,-0.13,0.06,1.03,1.48,-6.01,7.99,135960.00,133776.00,141694.00,1615075853
0.05,0.37,-0.93,0.05,0.0000,0.0000,0.00,89.37,1002.56,-0.08,0.08,1.01,9.84,8.38,12.16,135966.00,133760.00,141696.00,1615075853
0.05,0.37,-0.93,0.05,0.0000,0.0000,0.00,89.63,1002.53,-0.16,0.06,0.96,12.27,4.87,4.74,135978.00,133726.00,141677.00,1615075853
0.05,0.37,-0.93,0.06,0.0000,0.0000,0.00,89.63,1002.53,-0.11,0.10,0.99,12.30,4.34,7.13,135991.00,133699.00,141671.00,1615075853
0.05,0.37,-0.93,0.06,0.0000,0.0000,0.00,89.68,1002.52,-0.14,0.08,0.96,4.54,6.05,-4.93,135996.00,133695.00,141647.00,1615075853
0.05,0.37,-0.92,0.06,0.0000,0.0000,0.00,89.68,1002.52,-0.18,0.06,1.02,8.18,-4.80,-11.92,135989.00,133695.00,141668.00,1615075853
0.05,0.37,-0.93,0.06,0.0000,0.0000,0.00,89.98,1002.49,-0.11,0.10,1.01,1.03,0.04,-1.28,135981.00,133683.00,141664.00,1615075853
0.05,0.37,-0.93,0.06,0.0000,0.0000,0.00,89.98,1002.49,-0.13,0.05,1.01,12.15,0.24,0.61,135987.00,133676.00,141682.00,1615075853
0.05,0.37,-0.93,0.06,0.0000,0.0000,0.00,89.68,1002.52,-0.12,0.06,1.03,7.97,-0.36,-0.50,135989.00,133657.00,141681.00,1615075853
0.04,0.37,-0.93,0.06,0.0000,0.0000,0.00,89.68,1002.52,-0.11,0.09,1.01,6.29,8.24,6.79,136001.00,133640.00,141660.00,1615075853
0.04,0.37,-0.93,0.06,0.0000,0.0000,0.00,89.34,1002.56,-0.13,0.09,0.99,1.02,3.27,5.02,136011.00,133630.00,141660.00,1615075853
0.04,0.37,-0.93,0.06,0.0000,0.0000,0.00,89.34,1002.56,-0.12,0.09,0.99,1.09,2.44,5.56,136011.00,133607.00,141637.00,1615075853
0.04,0.37,-0.93,0.06,0.0000,0.0000,0.00,89.59,1002.53,-0.10,0.08,1.01,-4.78,-2.49,7.51,136011.00,133621.00,141632.00,1615075853
0.04,0.37,-0.93,0.06,0.0000,0.0000,0.00,89.59,1002.53,-0.11,0.10,0.99,-2.71,-0.11,5.54,136008.00,133625.00,141635.00,1615075853
0.04,0.37,-0.93,0.06,0.0000,0.0000,0.00,89.39,1002.56,-0.14,0.08,0.99,-1.87,-5.47,1.06,136012.00,133628.00,141655.00,1615075853
0.04,0.36,-0.93,0.06,0.0000,0.0000,0.00,89.39,1002.56,-0.12,0.10,1.00,-4.14,-2.20,7.54,136007.00,133612.00,141643.00,1615075853
0.04,0.36,-0.93,0.06,0.0000,0.0000,0.00,89.44,1002.55,-0.12,0.13,1.02,-7.41,-0.02,9.42,136008.00,133633.00,141642.00,1615075853
0.04,0.36,-0.93,0.07,0.0000,0.0000,0.00,89.44,1002.55,-0.12,0.15,0.94,-5.93,2.54,0.89,136010.00,133655.00,141622.00,1615075853
0.04,0.36,-0.93,0.07,0.0000,0.0000,0.00,89.64,1002.53,-0.12,0.10,0.99,-4.83,-1.54,-1.97,136013.00,133671.00,141639.00,1615075854
0.04,0.36,-0.93,0.07,0.0000,0.0000,0.00,89.64,1002.53,-0.13,0.09,0.98,-6.83,2.63,-1.66,136015.00,133676.00,141626.00,1615075854
0.04,0.36,-0.93,0.06,0.0000,0.0000,0.00,88.84,1002.62,-0.17,0.06,1.00,1.21,-0.83,-5.01,136015.00,133694.00,141660.00,1615075854
0.05,0.36,-0.93,0.07,0.0000,0.0000,0.00,88.84,1002.62,-0.16,0.09,0.98,-0.22,-1.46,1.29,136008.00,133696.00,141662.00,1615075854
0.05,0.36,-0.93,0.06,0.0000,0.0000,0.00,89.22,1002.58,-0.14,0.07,0.99,-1.03,-1.79,1.42,136002.00,133685.00,141664.00,1615075854
0.05,0.36,-0.93,0.06,0.0000,0.0000,0.00,89.22,1002.58,-0.14,0.05,1.01,-1.92,-6.28,3.40,135999.00,133690.00,141667.00,1615075854
0.05,0.36,-0.93,0.06,0.0000,0.0000,0.00,89.74,1002.52,-0.14,0.08,1.01,2.66,0.79,5.57,135995.00,133684.00,141667.00,1615075854
0.05,0.36,-0.93,0.06,0.0000,0.0000,0.00,89.74,1002.52,-0.18,0.08,1.00,-6.87,-9.08,3.61,135989.00,133693.00,141685.00,1615075854
0.05,0.36,-0.93,0.06,0.0000,0.0000,0.00,89.60,1002.53,-0.11,0.10,1.02,-2.26,1.08,7.14,135997.00,133698.00,141672.00,1615075854
0.05,0.36,-0.93,0.06,0.0000,0.0000,0.00,89.60,1002.53,-0.14,0.08,1.03,-3.71,-0.08,5.13,135998.00,133706.00,141684.00,1615075854
0.05,0.36,-0.93,0.06,0.0000,0.0000,0.00,89.36,1002.56,-0.16,0.05,1.02,6.72,2.40,-1.49,136006.00,133680.00,141655.00,1615075854
0.05,0.36,-0.93,0.06,0.0000,0.0000,0.00,89.36,1002.56,-0.11,0.11,1.02,1.67,8.90,3.22,136007.00,133666.00,141658.00,1615075854
0.05,0.36,-0.93,0.06,0.0000,0.0000,0.00,89.49,1002.55,-0.14,0.09,0.98,1.46,1.84,-4.24,136022.00,133682.00,141658.00,1615075854
